,survival,pclass,sex,age,sibsp,parch,fare,embarked,class,who,adult_male,deck,embark_town,alive,alone,family_size
0,0,3,male,0.2711736617240512,1,0,0.014151057562208049,S,Third,man,True,,Southampton,no,False,1
1,1,1,female,0.4722292033174164,1,0,0.13913573538264068,C,First,woman,False,C,Cherbourg,yes,False,1
2,1,3,female,0.32143754712239253,0,0,0.015468569817999833,S,Third,woman,False,,Southampton,yes,True,0
3,1,1,female,0.4345312892686604,1,0,0.10364429745562033,S,First,woman,False,C,Southampton,yes,False,1
4,0,3,male,0.4345312892686604,0,0,0.015712553569072387,S,Third,man,True,,Southampton,no,True,0
5,0,3,male,,0,0,0.01650950209357577,Q,Third,man,True,,Queenstown,no,True,0
6,0,1,male,0.6732847449107816,0,0,0.10122885832000206,S,First,man,True,E,Southampton,no,True,0
7,0,3,male,0.01985423473234481,3,1,0.04113566043083236,S,Third,child,False,,Southampton,no,False,4
8,1,3,female,0.33400351847197784,0,2,0.021730754366528396,S,Third,woman,False,,Southampton,yes,False,2
9,1,2,female,0.17064589092736868,1,0,0.058694292654020104,C,Second,child,False,,Cherbourg,yes,False,1
10,1,3,female,0.04498617743151546,1,1,0.03259622914329302,S,Third,child,False,G,Southampton,yes,False,2
11,1,1,female,0.723548630309123,0,0,0.051822148727810165,S,First,woman,False,C,Southampton,yes,True,0
12,0,3,male,0.24604171902488062,0,0,0.015712553569072387,S,Third,man,True,,Southampton,no,True,0
13,0,3,male,0.4847951746670017,1,5,0.06104473451835265,S,Third,man,True,,Southampton,no,False,6
14,0,3,female,0.17064589092736868,0,0,0.015330377421392339,S,Third,child,False,,Southampton,no,True,0
15,1,2,female,0.685850716260367,0,0,0.03122992013728673,S,Second,woman,False,,Southampton,yes,True,0
16,0,3,male,0.01985423473234481,4,1,0.05684821399990475,Q,Third,child,False,,Queenstown,no,False,5
17,1,2,male,,0,0,0.025374310111545468,S,Second,man,True,,Southampton,yes,True,0
18,0,3,female,0.38426740387031916,1,0,0.03513366015444757,S,Third,woman,False,,Southampton,no,False,1
19,1,3,female,,0,0,0.014102260811993537,C,Third,woman,False,,Cherbourg,yes,True,0
20,0,2,male,0.4345312892686604,0,0,0.050748620223090936,S,Second,man,True,,Southampton,no,True,0
21,1,2,male,0.4219653179190751,0,0,0.025374310111545468,S,Second,man,True,D,Southampton,yes,True,0
22,1,3,female,0.18321186227695402,0,0,0.015671954672893913,Q,Third,child,False,,Queenstown,yes,True,0
23,1,1,male,0.34656948982156316,0,0,0.06929138530460494,S,First,man,True,A,Southampton,yes,True,0
24,0,3,female,0.09525006282985675,3,1,0.04113566043083236,S,Third,child,False,,Southampton,no,False,4
25,1,3,female,0.4722292033174164,1,5,0.06126431989431795,S,Third,woman,False,,Southampton,yes,False,6
26,0,3,male,,0,0,0.014102260811993537,C,Third,man,True,,Cherbourg,no,True,0
27,0,1,male,0.2334757476752953,3,2,0.5133418122566507,S,First,man,True,C,Southampton,no,False,5
28,1,3,female,,0,0,0.01537917417160685,Q,Third,woman,False,,Queenstown,yes,True,0
29,0,3,male,,0,0,0.015411575213749286,S,Third,man,True,,Southampton,no,True,0
30,0,1,male,0.49736114601658704,0,0,0.05410739813385612,C,First,man,True,,Cherbourg,no,True,0
31,1,1,female,,1,0,0.2859895551532101,C,First,woman,False,B,Cherbourg,yes,False,1
32,1,3,female,,0,0,0.015126992566498259,Q,Third,woman,False,,Queenstown,yes,True,0
33,0,2,male,0.8240764011058055,0,0,0.020494635090094415,S,Second,man,True,,Southampton,no,True,0
34,0,1,male,0.34656948982156316,1,0,0.16038672010106003,C,First,man,True,,Cherbourg,no,False,1
35,0,1,male,0.5224930887157577,1,0,0.10149724044618187,S,First,man,True,,Southampton,no,False,1
36,1,3,male,,0,0,0.014110458666029575,C,Third,man,True,,Cherbourg,yes,True,0
37,0,3,male,0.2586076903744659,0,0,0.015712553569072387,S,Third,man,True,,Southampton,no,True,0
38,0,3,female,0.22090977632571,2,0,0.03513366015444757,S,Third,woman,False,,Southampton,no,False,2
39,1,3,female,0.17064589092736868,1,0,0.021942337075458514,C,Third,child,False,,Cherbourg,yes,False,1
40,0,3,female,0.49736114601658704,1,0,0.018493968331299484,S,Third,woman,False,,Southampton,no,False,1
41,0,2,female,0.33400351847197784,1,0,0.04098927018018883,S,Second,woman,False,,Southampton,no,False,1
42,0,3,male,,0,0,0.015411575213749286,C,Third,man,True,,Cherbourg,no,True,0
43,1,2,female,0.032420206081930136,1,2,0.08115719346076702,C,Second,child,False,,Cherbourg,yes,False,3
44,1,3,female,0.2334757476752953,0,0,0.01537917417160685,Q,Third,woman,False,,Queenstown,yes,True,0
45,0,3,male,,0,0,0.015712553569072387,S,Third,man,True,,Southampton,no,True,0
46,0,3,male,,1,0,0.030253985132996517,Q,Third,man,True,,Queenstown,no,False,1
47,1,3,female,,0,0,0.015126992566498259,Q,Third,woman,False,,Queenstown,yes,True,0
48,0,3,male,,2,0,0.04231498029001666,C,Third,man,True,,Cherbourg,no,False,2
49,0,3,female,0.22090977632571,1,0,0.034743286152731485,S,Third,woman,False,,Southampton,no,False,1
50,0,3,male,0.08268409148027142,4,1,0.07746484096553544,S,Third,child,False,,Southampton,no,False,5
51,0,3,male,0.2586076903744659,0,0,0.01522458606692728,S,Third,man,True,,Southampton,no,True,0
52,1,1,female,0.610454888162855,1,0,0.1497654242623688,C,First,woman,False,D,Cherbourg,yes,False,1
53,1,2,female,0.35913546117114853,1,0,0.050748620223090936,S,Second,woman,False,,Southampton,yes,False,1
54,0,1,male,0.8115104297562202,0,1,0.1209753416358076,C,First,man,True,B,Cherbourg,no,False,1
55,1,1,male,,0,0,0.06929138530460494,S,First,man,True,C,Southampton,yes,True,0
56,1,2,female,0.2586076903744659,0,0,0.020494635090094415,S,Second,woman,False,,Southampton,yes,True,0
57,0,3,male,0.35285247549635584,0,0,0.014110458666029575,C,Third,man,True,,Cherbourg,no,True,0
58,1,2,female,0.05755214878110078,1,2,0.05416439273810667,S,Second,child,False,,Southampton,yes,False,3
59,0,3,male,0.1329479768786127,5,2,0.09154270340242172,S,Third,child,False,,Southampton,no,False,7
60,0,3,male,0.2711736617240512,0,0,0.014110458666029575,C,Third,man,True,,Cherbourg,no,True,0
61,1,1,female,0.4722292033174164,0,0,0.15614960068643363,,First,woman,False,B,,yes,True,0
62,0,1,male,0.5601910027645137,1,0,0.16293234896625058,S,First,man,True,C,Southampton,no,False,1
63,0,3,male,0.04498617743151546,3,2,0.05445717323939373,S,Third,child,False,,Southampton,no,False,5
64,0,1,male,,0,0,0.05410739813385612,C,First,man,True,,Cherbourg,no,True,0
65,1,3,male,,1,1,0.029757819776815374,C,Third,man,True,,Cherbourg,yes,False,2
66,1,2,female,0.35913546117114853,0,0,0.020494635090094415,S,Second,woman,False,F,Southampton,yes,True,0
67,0,3,male,0.2334757476752953,0,0,0.015923941091001644,S,Third,man,True,,Southampton,no,True,0
68,1,3,female,0.20834380497612465,4,2,0.015468569817999833,S,Third,woman,False,,Southampton,yes,False,6
69,0,3,male,0.32143754712239253,2,0,0.016908073949327893,S,Third,man,True,,Southampton,no,False,2
70,0,2,male,0.39683337521990447,0,0,0.020494635090094415,S,Second,man,True,,Southampton,no,True,0
71,0,3,female,0.19577783362653933,5,2,0.09154270340242172,S,Third,woman,False,,Southampton,no,False,7
72,0,2,male,0.2586076903744659,0,0,0.1434624456306609,S,Second,man,True,,Southampton,no,True,0
73,0,3,male,0.32143754712239253,1,0,0.028212719478023115,C,Third,man,True,,Cherbourg,no,False,1
74,1,3,male,0.39683337521990447,0,0,0.11027245763075773,S,Third,man,True,,Southampton,yes,True,0
75,0,3,male,0.3088715757728072,0,0,0.014931805565640218,S,Third,man,True,F,Southampton,no,True,0
76,0,3,male,,0,0,0.015411575213749286,S,Third,man,True,,Southampton,no,True,0
77,0,3,male,,0,0,0.015712553569072387,S,Third,man,True,,Southampton,no,True,0
78,1,2,male,0.005152048253329982,0,2,0.056604230248832196,S,Second,child,False,,Southampton,yes,False,2
79,1,3,female,0.37170143252073384,0,0,0.024349578357040744,S,Third,woman,False,,Southampton,yes,True,0
80,0,3,male,0.2711736617240512,0,0,0.017566830077223785,S,Third,man,True,,Southampton,no,True,0
81,1,3,male,0.35913546117114853,0,0,0.018542765081513996,S,Third,man,True,,Southampton,yes,True,0
82,1,3,female,,0,0,0.015200187691820024,Q,Third,woman,False,,Queenstown,yes,True,0
83,0,1,male,0.34656948982156316,0,0,0.09193307740413781,S,First,man,True,,Southampton,no,True,0
84,1,2,female,0.20834380497612465,0,0,0.020494635090094415,S,Second,woman,False,,Southampton,yes,True,0
85,1,3,female,0.4093993465694898,3,0,0.030937139635999665,S,Third,woman,False,,Southampton,yes,False,3
86,0,3,male,0.19577783362653933,1,3,0.06709553154495196,S,Third,man,True,,Southampton,no,False,4
87,0,3,male,,0,0,0.015712553569072387,S,Third,man,True,,Southampton,no,True,0
88,1,1,female,0.2837396330736366,3,2,0.5133418122566507,S,First,woman,False,C,Southampton,yes,False,5
89,0,3,male,0.2963056044232219,0,0,0.015712553569072387,S,Third,man,True,,Southampton,no,True,0
90,0,3,male,0.35913546117114853,0,0,0.015712553569072387,S,Third,man,True,,Southampton,no,True,0
91,0,3,male,0.24604171902488062,0,0,0.015330377421392339,S,Third,man,True,,Southampton,no,True,0
92,0,1,male,0.5727569741140991,1,0,0.11940564777490723,S,First,man,True,E,Southampton,no,False,1
93,0,3,male,0.32143754712239253,1,2,0.04015972542654215,S,Third,man,True,,Southampton,no,False,3
94,0,3,male,0.7361146016587082,0,0,0.014151057562208049,S,Third,man,True,,Southampton,no,True,0
95,0,3,male,,0,0,0.015712553569072387,S,Third,man,True,,Southampton,no,True,0
96,0,1,male,0.8869062578537321,0,0,0.06764049365134761,C,First,man,True,A,Cherbourg,no,True,0
97,1,1,male,0.2837396330736366,0,1,0.12366716556464086,C,First,man,True,D,Cherbourg,yes,False,1
98,1,2,female,0.4219653179190751,0,1,0.044893010197349675,S,Second,woman,False,,Southampton,yes,False,1
99,0,2,male,0.4219653179190751,1,0,0.050748620223090936,S,Second,man,True,,Southampton,no,False,1
100,0,3,female,0.34656948982156316,0,0,0.015411575213749286,S,Third,woman,False,,Southampton,no,True,0
101,0,3,male,,0,0,0.015411575213749286,S,Third,man,True,,Southampton,no,True,0
102,0,1,male,0.2586076903744659,0,1,0.15085515328815924,S,First,man,True,D,Southampton,no,False,1
103,0,3,male,0.4093993465694898,0,0,0.016891873428256675,S,Third,man,True,,Southampton,no,True,0
104,0,3,male,0.4596632319678311,2,0,0.015468569817999833,S,Third,man,True,,Southampton,no,False,2
105,0,3,male,0.34656948982156316,0,0,0.015411575213749286,S,Third,man,True,,Southampton,no,True,0
106,1,3,female,0.2586076903744659,0,0,0.014931805565640218,S,Third,woman,False,,Southampton,yes,True,0
107,1,3,male,,0,0,0.015175789316712771,S,Third,man,True,,Southampton,yes,True,0
108,0,3,male,0.4722292033174164,0,0,0.015411575213749286,S,Third,man,True,,Southampton,no,True,0
109,1,3,female,,1,0,0.04713766070721715,Q,Third,woman,False,,Queenstown,yes,False,1
110,0,1,male,0.5853229454636844,0,0,0.10149724044618187,S,First,man,True,C,Southampton,no,True,0
111,0,3,female,0.17692887660216136,1,0,0.028212719478023115,C,Third,child,False,,Cherbourg,no,False,1
112,0,3,male,0.2711736617240512,0,0,0.015712553569072387,S,Third,man,True,,Southampton,no,True,0
113,0,3,female,0.24604171902488062,1,0,0.019177122834302632,S,Third,woman,False,,Southampton,no,False,1
114,0,3,female,0.20834380497612465,0,0,0.028220722145058292,C,Third,woman,False,,Cherbourg,no,True,0
115,0,3,male,0.2586076903744659,0,0,0.015468569817999833,S,Third,man,True,,Southampton,no,True,0
116,0,3,male,0.8806232721789394,0,0,0.015126992566498259,Q,Third,man,True,,Queenstown,no,True,0
117,0,2,male,0.35913546117114853,1,0,0.04098927018018883,S,Second,man,True,,Southampton,no,False,1
118,0,1,male,0.2963056044232219,0,1,0.4831284260198326,C,First,man,True,B,Cherbourg,no,False,1
119,0,3,female,0.01985423473234481,4,2,0.06104473451835265,S,Third,child,False,,Southampton,no,False,6
120,0,2,male,0.2586076903744659,2,0,0.1434624456306609,S,Second,man,True,,Southampton,no,False,2
121,0,3,male,,0,0,0.015712553569072387,S,Third,man,True,,Southampton,no,True,0
122,0,2,male,0.40311636089469716,1,0,0.058694292654020104,C,Second,man,True,,Cherbourg,no,False,1
123,1,2,female,0.40311636089469716,0,0,0.025374310111545468,S,Second,woman,False,E,Southampton,yes,True,0
124,0,1,male,0.6732847449107816,0,1,0.15085515328815924,S,First,man,True,D,Southampton,no,False,1
125,1,3,male,0.14551394822819805,1,0,0.021942337075458514,C,Third,child,False,,Cherbourg,yes,False,1
126,0,3,male,,0,0,0.015126992566498259,Q,Third,man,True,,Queenstown,no,True,0
127,1,3,male,0.2963056044232219,0,0,0.01393967004027879,S,Third,man,True,,Southampton,yes,True,0
128,1,3,female,,1,1,0.04364049521284362,C,Third,woman,False,F,Cherbourg,yes,False,2
129,0,3,male,0.5601910027645137,0,0,0.013614293309848433,S,Third,man,True,,Southampton,no,True,0
130,0,3,male,0.4093993465694898,0,0,0.015411575213749286,C,Third,man,True,,Cherbourg,no,True,0
131,0,3,male,0.24604171902488062,0,0,0.013760683560491965,S,Third,man,True,,Southampton,no,True,0
132,0,3,female,0.5853229454636844,1,0,0.028302115124416098,S,Third,woman,False,,Southampton,no,False,1
133,1,2,female,0.35913546117114853,1,0,0.050748620223090936,S,Second,woman,False,,Southampton,yes,False,1
134,0,2,male,0.3088715757728072,0,0,0.025374310111545468,S,Second,man,True,,Southampton,no,True,0
135,0,2,male,0.2837396330736366,0,0,0.02936744577509929,C,Second,man,True,,Cherbourg,no,True,0
136,1,1,female,0.2334757476752953,0,2,0.051301584996521765,S,First,woman,False,D,Southampton,yes,False,2
137,0,1,male,0.4596632319678311,1,0,0.10364429745562033,S,First,man,True,C,Southampton,no,False,1
138,0,3,male,0.19577783362653933,0,0,0.01798980030808316,S,Third,man,True,,Southampton,no,True,0
139,0,1,male,0.2963056044232219,0,0,0.15458810467956932,C,First,man,True,B,Cherbourg,no,True,0
140,0,3,female,,0,2,0.029757819776815374,C,Third,woman,False,,Cherbourg,no,False,2
141,1,3,female,0.2711736617240512,0,0,0.015126992566498259,S,Third,woman,False,,Southampton,yes,True,0
142,1,3,female,0.2963056044232219,1,0,0.030937139635999665,S,Third,woman,False,,Southampton,yes,False,1
143,0,3,male,0.2334757476752953,0,0,0.013175122557917838,Q,Third,man,True,,Queenstown,no,True,0
144,0,2,male,0.22090977632571,0,0,0.022446505098674838,S,Second,man,True,,Southampton,no,True,0
145,0,2,male,0.2334757476752953,1,1,0.07173122281533045,S,Second,man,True,,Southampton,no,False,2
146,1,3,male,0.33400351847197784,0,0,0.015216388212891242,S,Third,man,True,,Southampton,yes,True,0
147,0,3,female,0.10781603417944208,2,2,0.06709553154495196,S,Third,child,False,,Southampton,no,False,4
148,0,2,male,0.4533802462930384,0,2,0.050748620223090936,S,Second,man,True,F,Southampton,no,False,2
149,0,2,male,0.5224930887157577,0,0,0.025374310111545468,S,Second,man,True,,Southampton,no,True,0
150,0,2,male,0.6355868308620256,0,0,0.02444717185746977,S,Second,man,True,,Southampton,no,True,0
151,1,1,female,0.2711736617240512,1,0,0.12999454257145598,S,First,woman,False,C,Southampton,yes,False,1
152,0,3,male,0.6921337019351597,0,0,0.015712553569072387,S,Third,man,True,,Southampton,no,True,0
153,0,3,male,0.5036441316913798,0,2,0.028302115124416098,S,Third,man,True,,Southampton,no,False,2
154,0,3,male,,0,0,0.014273049437744325,S,Third,man,True,,Southampton,no,True,0
155,0,1,male,0.6355868308620256,0,1,0.11980421963065935,C,First,man,True,,Cherbourg,no,False,1
156,1,3,female,0.19577783362653933,0,0,0.015094396337354966,Q,Third,woman,False,,Queenstown,yes,True,0
157,0,3,male,0.37170143252073384,0,0,0.015712553569072387,S,Third,man,True,,Southampton,no,True,0
158,0,3,male,,0,0,0.016908073949327893,S,Third,man,True,,Southampton,no,True,0
159,0,3,male,,8,2,0.13575255909676825,S,Third,man,True,,Southampton,no,False,10
160,0,3,male,0.5476250314149284,0,1,0.031425107138144774,S,Third,man,True,,Southampton,no,False,1
161,1,2,female,0.49736114601658704,0,0,0.030741952635141623,S,Second,woman,False,,Southampton,yes,True,0
162,0,3,male,0.32143754712239253,0,0,0.015175789316712771,S,Third,man,True,,Southampton,no,True,0
163,0,3,male,0.20834380497612465,0,0,0.016908073949327893,S,Third,man,True,,Southampton,no,True,0
164,0,3,male,0.007288263382759488,4,1,0.07746484096553544,S,Third,child,False,,Southampton,no,False,5
165,1,3,male,0.10781603417944208,0,2,0.04006213192611313,S,Third,child,False,,Southampton,yes,False,2
166,1,1,female,,0,1,0.10735285047192313,S,First,woman,False,E,Southampton,yes,False,1
167,0,3,female,0.5601910027645137,1,4,0.05445717323939373,S,Third,woman,False,,Southampton,no,False,5
168,0,1,male,,0,0,0.050602229972447406,S,First,man,True,,Southampton,no,True,0
169,0,3,male,0.34656948982156316,0,0,0.11027245763075773,S,Third,man,True,,Southampton,no,True,0
170,0,1,male,0.7612465443578789,0,0,0.06538764528744409,S,First,man,True,B,Southampton,no,True,0
171,0,3,male,0.04498617743151546,4,1,0.05684821399990475,Q,Third,child,False,,Queenstown,no,False,5
172,1,3,female,0.007288263382759488,1,1,0.021730754366528396,S,Third,child,False,,Southampton,yes,False,2
173,0,3,male,0.2586076903744659,0,0,0.015468569817999833,S,Third,man,True,,Southampton,no,True,0
174,0,1,male,0.6984166876099522,0,0,0.05991421140938287,C,First,man,True,A,Cherbourg,no,True,0
175,0,3,male,0.22090977632571,1,1,0.015330377421392339,S,Third,man,True,,Southampton,no,False,2
176,0,3,male,,3,1,0.049707687947515,S,Third,man,True,,Southampton,no,False,4
177,0,1,female,0.6230208595124404,0,0,0.05604306762136532,C,First,woman,False,C,Cherbourg,no,True,0
178,0,2,male,0.37170143252073384,0,0,0.025374310111545468,S,Second,man,True,,Southampton,no,True,0
179,0,3,male,0.4470972606182458,0,0,0.0,S,Third,man,True,,Southampton,no,True,0
180,0,3,female,,8,2,0.13575255909676825,S,Third,woman,False,,Southampton,no,False,10
181,0,2,male,,0,0,0.02937564362913533,C,Second,man,True,,Cherbourg,no,True,0
182,0,3,male,0.10781603417944208,4,2,0.06126431989431795,S,Third,child,False,,Southampton,no,False,6
183,1,2,male,0.007288263382759488,2,1,0.07612293033463641,S,Second,child,False,F,Southampton,yes,False,3
184,1,3,female,0.04498617743151546,0,2,0.04298993693898376,S,Third,child,False,,Southampton,yes,False,2
185,0,1,male,,0,0,0.09759350042902103,S,First,man,True,A,Southampton,no,True,0
186,1,3,female,,1,0,0.030253985132996517,Q,Third,woman,False,,Queenstown,yes,False,1
187,1,1,male,0.5601910027645137,0,0,0.051822148727810165,S,First,man,True,,Southampton,yes,True,0
188,0,3,male,0.49736114601658704,1,1,0.030253985132996517,Q,Third,man,True,,Queenstown,no,False,2
189,0,3,male,0.4470972606182458,0,0,0.015411575213749286,S,Third,man,True,,Southampton,no,True,0
190,1,2,female,0.39683337521990447,0,0,0.025374310111545468,S,Second,woman,False,,Southampton,yes,True,0
191,0,2,male,0.2334757476752953,0,0,0.025374310111545468,S,Second,man,True,,Southampton,no,True,0
192,1,3,female,0.2334757476752953,1,0,0.015330377421392339,S,Third,woman,False,,Southampton,yes,False,1
193,1,2,male,0.032420206081930136,1,1,0.050748620223090936,S,Second,child,False,F,Southampton,yes,False,2
194,1,1,female,0.5476250314149284,0,0,0.05410739813385612,C,First,woman,False,B,Cherbourg,yes,True,0
195,1,1,female,0.723548630309123,0,0,0.2859895551532101,C,First,woman,False,B,Cherbourg,yes,True,0
196,0,3,male,,0,0,0.015126992566498259,Q,Third,man,True,,Queenstown,no,True,0
197,0,3,male,0.5224930887157577,0,1,0.01640390592611157,S,Third,man,True,,Southampton,no,False,1
198,1,3,female,,0,0,0.015126992566498259,Q,Third,woman,False,,Queenstown,yes,True,0
199,0,2,female,0.2963056044232219,0,0,0.025374310111545468,S,Second,woman,False,,Southampton,no,True,0
200,0,3,male,0.34656948982156316,0,0,0.018542765081513996,S,Third,man,True,,Southampton,no,True,0
201,0,3,male,,8,2,0.13575255909676825,S,Third,man,True,,Southampton,no,False,10
202,0,3,male,0.4219653179190751,0,0,0.012678957201736696,S,Third,man,True,,Southampton,no,True,0
203,0,3,male,0.5664739884393064,0,0,0.014102260811993537,C,Third,man,True,,Cherbourg,no,True,0
204,1,3,male,0.22090977632571,0,0,0.015712553569072387,S,Third,man,True,,Southampton,yes,True,0
205,0,3,female,0.01985423473234481,0,1,0.02042143996477265,S,Third,child,False,G,Southampton,no,False,1
206,0,3,male,0.39683337521990447,1,0,0.030937139635999665,S,Third,man,True,,Southampton,no,False,1
207,1,3,male,0.32143754712239253,0,0,0.036670757786204655,C,Third,man,True,,Cherbourg,yes,True,0
208,1,3,female,0.19577783362653933,0,0,0.015126992566498259,Q,Third,woman,False,,Queenstown,yes,True,0
209,1,1,male,0.49736114601658704,0,0,0.060507970265993034,C,First,man,True,A,Cherbourg,yes,True,0
210,0,3,male,0.2963056044232219,0,0,0.013760683560491965,S,Third,man,True,,Southampton,no,True,0
211,1,2,female,0.4345312892686604,0,0,0.04098927018018883,S,Second,woman,False,,Southampton,yes,True,0
212,0,3,male,0.2711736617240512,0,0,0.014151057562208049,S,Third,man,True,,Southampton,no,True,0
213,0,2,male,0.37170143252073384,0,0,0.025374310111545468,S,Second,man,True,,Southampton,no,True,0
214,0,3,male,,1,0,0.015126992566498259,Q,Third,man,True,,Queenstown,no,False,1
215,1,1,female,0.38426740387031916,1,0,0.22109807522194713,C,First,woman,False,D,Cherbourg,yes,False,1
216,1,3,female,0.33400351847197784,0,0,0.015468569817999833,S,Third,woman,False,,Southampton,yes,True,0
217,0,2,male,0.5224930887157577,1,0,0.05270049023167135,S,Second,man,True,,Southampton,no,False,1
218,1,1,female,0.39683337521990447,0,0,0.14891148113361488,C,First,woman,False,D,Cherbourg,yes,True,0
219,0,2,male,0.37170143252073384,0,0,0.020494635090094415,S,Second,man,True,,Southampton,no,True,0
220,1,3,male,0.19577783362653933,0,0,0.015712553569072387,S,Third,man,True,,Southampton,yes,True,0
221,0,2,male,0.33400351847197784,0,0,0.025374310111545468,S,Second,man,True,,Southampton,no,True,0
222,0,3,male,0.6355868308620256,0,0,0.015712553569072387,S,Third,man,True,,Southampton,no,True,0
223,0,3,male,,0,0,0.015411575213749286,S,Third,man,True,,Southampton,no,True,0
224,1,1,male,0.4722292033174164,1,0,0.17566830077223786,S,First,man,True,C,Southampton,yes,False,1
225,0,3,male,0.2711736617240512,0,0,0.018249984580226933,S,Third,man,True,,Southampton,no,True,0
226,1,2,male,0.2334757476752953,0,0,0.020494635090094415,S,Second,man,True,,Southampton,yes,True,0
227,0,3,male,0.2523247046996733,0,0,0.014151057562208049,S,Third,man,True,,Southampton,no,True,0
228,0,2,male,0.22090977632571,0,0,0.025374310111545468,S,Second,man,True,,Southampton,no,True,0
229,0,3,female,,3,1,0.049707687947515,S,Third,woman,False,,Southampton,no,False,4
230,1,1,female,0.4345312892686604,1,0,0.16293234896625058,S,First,woman,False,C,Southampton,yes,False,1
231,0,3,male,0.35913546117114853,0,0,0.015175789316712771,S,Third,man,True,,Southampton,no,True,0
232,0,2,male,0.7361146016587082,0,0,0.026350245115835676,S,Second,man,True,,Southampton,no,True,0
233,1,3,female,0.05755214878110078,4,2,0.06126431989431795,S,Third,child,False,,Southampton,yes,False,6
234,0,2,male,0.2963056044232219,0,0,0.020494635090094415,S,Second,man,True,,Southampton,no,True,0
235,0,3,female,,0,0,0.014736618564782174,S,Third,woman,False,,Southampton,no,True,0
236,0,2,male,0.5476250314149284,1,0,0.050748620223090936,S,Second,man,True,,Southampton,no,False,1
237,1,2,female,0.09525006282985675,0,2,0.05123658772523604,S,Second,child,False,,Southampton,yes,False,2
238,0,2,male,0.2334757476752953,0,0,0.020494635090094415,S,Second,man,True,,Southampton,no,True,0
239,0,2,male,0.4093993465694898,0,0,0.023959204355324663,S,Second,man,True,,Southampton,no,True,0
240,0,3,female,,1,0,0.028212719478023115,C,Third,woman,False,,Cherbourg,no,False,1
241,1,3,female,,1,0,0.030253985132996517,Q,Third,woman,False,,Queenstown,yes,False,1
242,0,2,male,0.35913546117114853,0,0,0.020494635090094415,S,Second,man,True,,Southampton,no,True,0
243,0,3,male,0.2711736617240512,0,0,0.013907073811135496,S,Third,man,True,,Southampton,no,True,0
244,0,3,male,0.37170143252073384,0,0,0.014102260811993537,C,Third,man,True,,Cherbourg,no,True,0
245,0,1,male,0.5476250314149284,2,0,0.17566830077223786,Q,First,man,True,C,Queenstown,no,False,2
246,0,3,female,0.3088715757728072,0,0,0.015175789316712771,S,Third,woman,False,,Southampton,no,True,0
247,1,2,female,0.2963056044232219,0,2,0.028302115124416098,S,Second,woman,False,,Southampton,yes,False,2
248,1,1,male,0.4596632319678311,1,1,0.10257896680493714,S,First,man,True,D,Southampton,yes,False,2
249,0,2,male,0.6732847449107816,1,0,0.050748620223090936,S,Second,man,True,,Southampton,no,False,1
250,0,3,male,,0,0,0.014151057562208049,S,Third,man,True,,Southampton,no,True,0
251,0,3,female,0.35913546117114853,1,1,0.02042143996477265,S,Third,woman,False,G,Southampton,no,False,2
252,0,1,male,0.7738125157074642,0,0,0.051822148727810165,S,First,man,True,C,Southampton,no,True,0
253,0,3,male,0.37170143252073384,1,0,0.031425107138144774,S,Third,man,True,,Southampton,no,False,1
254,0,3,female,0.5099271173661725,0,2,0.039452172548431745,S,Third,woman,False,,Southampton,no,False,2
255,1,3,female,0.35913546117114853,0,2,0.029757819776815374,C,Third,woman,False,,Cherbourg,yes,False,2
256,1,1,female,,0,0,0.15458810467956932,C,First,woman,False,,Cherbourg,yes,True,0
257,1,1,female,0.37170143252073384,0,0,0.16883675574220638,S,First,woman,False,B,Southampton,yes,True,0
258,1,1,female,0.4345312892686604,0,0,1.0,C,First,woman,False,,Cherbourg,yes,True,0
259,1,2,female,0.6230208595124404,0,1,0.050748620223090936,S,Second,woman,False,,Southampton,yes,False,1
260,0,3,male,,0,0,0.015126992566498259,Q,Third,man,True,,Queenstown,no,True,0
261,1,3,male,0.032420206081930136,4,2,0.06126431989431795,S,Third,child,False,,Southampton,yes,False,6
262,0,1,male,0.648152802211611,1,1,0.1554664461834305,S,First,man,True,E,Southampton,no,False,2
263,0,1,male,0.49736114601658704,0,0,0.0,S,First,man,True,B,Southampton,no,True,0
264,0,3,female,,0,0,0.015126992566498259,Q,Third,woman,False,,Queenstown,no,True,0
265,0,2,male,0.4470972606182458,0,0,0.020494635090094415,S,Second,man,True,,Southampton,no,True,0
266,0,3,male,0.19577783362653933,4,1,0.07746484096553544,S,Third,man,True,,Southampton,no,False,5
267,1,3,male,0.3088715757728072,1,0,0.015175789316712771,S,Third,man,True,,Southampton,yes,False,1
268,1,1,female,0.723548630309123,0,1,0.2995388511917728,S,First,woman,False,C,Southampton,yes,False,1
269,1,1,female,0.4345312892686604,0,0,0.2647385704347907,S,First,woman,False,C,Southampton,yes,True,0
270,0,1,male,,0,0,0.060507970265993034,S,First,man,True,,Southampton,no,True,0
271,1,3,male,0.3088715757728072,0,0,0.0,S,Third,man,True,,Southampton,yes,True,0
272,1,2,female,0.5099271173661725,0,1,0.038061465167318204,S,Second,woman,False,,Southampton,yes,False,1
273,0,1,male,0.4596632319678311,0,1,0.057970539254838485,C,First,man,True,C,Cherbourg,no,False,1
274,1,3,female,,0,0,0.015126992566498259,Q,Third,woman,False,,Queenstown,yes,True,0
275,1,1,female,0.7863784870570495,1,0,0.15216446768991498,S,First,woman,False,D,Southampton,yes,False,1
276,0,3,female,0.5601910027645137,0,0,0.015126992566498259,S,Third,woman,False,,Southampton,no,True,0
277,0,2,male,,0,0,0.0,S,Second,man,True,,Southampton,no,True,0
278,0,3,male,0.08268409148027142,4,1,0.05684821399990475,Q,Third,child,False,,Queenstown,no,False,5
279,1,3,female,0.4345312892686604,1,1,0.03952536767375352,S,Third,woman,False,,Southampton,yes,False,2
280,0,3,male,0.8115104297562202,0,0,0.015126992566498259,Q,Third,man,True,,Queenstown,no,True,0
281,0,3,male,0.34656948982156316,0,0,0.015330377421392339,S,Third,man,True,,Southampton,no,True,0
282,0,3,male,0.19577783362653933,0,0,0.018542765081513996,S,Third,man,True,,Southampton,no,True,0
283,1,3,male,0.2334757476752953,0,0,0.015712553569072387,S,Third,man,True,,Southampton,yes,True,0
284,0,1,male,,0,0,0.050748620223090936,S,First,man,True,A,Southampton,no,True,0
285,0,3,male,0.4093993465694898,0,0,0.016908073949327893,C,Third,man,True,,Cherbourg,no,True,0
286,1,3,male,0.37170143252073384,0,0,0.018542765081513996,S,Third,man,True,,Southampton,yes,True,0
287,0,3,male,0.2711736617240512,0,0,0.015411575213749286,S,Third,man,True,,Southampton,no,True,0
288,1,2,male,0.5224930887157577,0,0,0.025374310111545468,S,Second,man,True,,Southampton,yes,True,0
289,1,3,female,0.2711736617240512,0,0,0.015126992566498259,Q,Third,woman,False,,Queenstown,yes,True,0
290,1,1,female,0.32143754712239253,0,0,0.15390495017656614,S,First,woman,False,,Southampton,yes,True,0
291,1,1,female,0.2334757476752953,1,0,0.17777475888549785,C,First,woman,False,B,Cherbourg,yes,False,1
292,0,2,male,0.4470972606182458,0,0,0.025130326360472913,C,Second,man,True,D,Cherbourg,no,True,0
293,0,3,female,0.2963056044232219,0,0,0.01727404957593672,S,Third,woman,False,,Southampton,no,True,0
294,0,3,male,0.2963056044232219,0,0,0.015411575213749286,S,Third,man,True,,Southampton,no,True,0
295,0,1,male,,0,0,0.05410739813385612,C,First,man,True,,Cherbourg,no,True,0
296,0,3,male,0.2900226187484292,0,0,0.014110458666029575,C,Third,man,True,,Cherbourg,no,True,0
297,0,1,female,0.01985423473234481,1,2,0.29580589980036276,S,First,child,False,C,Southampton,no,False,3
298,1,1,male,,0,0,0.05953203526170282,S,First,man,True,C,Southampton,yes,True,0
299,1,1,female,0.6230208595124404,0,1,0.4831284260198326,C,First,woman,False,B,Cherbourg,yes,False,1
300,1,3,female,,0,0,0.015126992566498259,Q,Third,woman,False,,Queenstown,yes,True,0
301,1,3,male,,2,0,0.04538097769949478,Q,Third,man,True,,Queenstown,yes,False,2
302,0,3,male,0.2334757476752953,0,0,0.0,S,Third,man,True,,Southampton,no,True,0
303,1,2,female,,0,0,0.024105594605968193,Q,Second,woman,False,E,Queenstown,yes,True,0
304,0,3,male,,0,0,0.015712553569072387,S,Third,man,True,,Southampton,no,True,0
305,1,1,male,0.006282985674792663,1,2,0.29580589980036276,S,First,child,False,C,Southampton,yes,False,3
306,1,1,female,,0,0,0.21642978772242535,C,First,woman,False,,Cherbourg,yes,True,0
307,1,1,female,0.20834380497612465,1,0,0.2125586439344078,C,First,woman,False,C,Cherbourg,yes,False,1
308,0,2,male,0.37170143252073384,1,0,0.04684488020593009,C,Second,man,True,,Cherbourg,no,False,1
309,1,1,female,0.37170143252073384,0,0,0.11111839809247648,C,First,woman,False,E,Cherbourg,yes,True,0
310,1,1,female,0.2963056044232219,0,0,0.16231419173453318,C,First,woman,False,C,Cherbourg,yes,True,0
311,1,1,female,0.22090977632571,2,2,0.5121218935012878,C,First,woman,False,B,Cherbourg,yes,False,4
312,0,2,female,0.32143754712239253,1,1,0.050748620223090936,S,Second,woman,False,,Southampton,no,False,2
313,0,3,male,0.34656948982156316,0,0,0.015411575213749286,S,Third,man,True,,Southampton,no,True,0
314,0,2,male,0.5350590600653431,1,1,0.05123658772523604,S,Second,man,True,,Southampton,no,False,2
315,1,3,female,0.32143754712239253,0,0,0.015330377421392339,S,Third,woman,False,,Southampton,yes,True,0
316,1,2,female,0.2963056044232219,1,0,0.050748620223090936,S,Second,woman,False,,Southampton,yes,False,1
317,0,2,male,0.6732847449107816,0,0,0.027326180120125887,S,Second,man,True,,Southampton,no,True,0
318,1,1,female,0.38426740387031916,0,2,0.32179836714362564,S,First,woman,False,C,Southampton,yes,False,2
319,1,1,female,0.49736114601658704,1,1,0.2625265161540666,C,First,woman,False,E,Cherbourg,yes,False,2
320,0,3,male,0.2711736617240512,0,0,0.014151057562208049,S,Third,man,True,,Southampton,no,True,0
321,0,3,male,0.33400351847197784,0,0,0.015411575213749286,S,Third,man,True,,Southampton,no,True,0
322,1,2,female,0.37170143252073384,0,0,0.024105594605968193,Q,Second,woman,False,,Queenstown,yes,True,0
323,1,2,female,0.2711736617240512,1,1,0.056604230248832196,S,Second,woman,False,,Southampton,yes,False,2
324,0,3,male,,8,2,0.13575255909676825,S,Third,man,True,,Southampton,no,False,10
325,1,1,female,0.4470972606182458,0,0,0.2647385704347907,C,First,woman,False,C,Cherbourg,yes,True,0
326,0,3,male,0.7612465443578789,0,0,0.012174789178520372,S,Third,man,True,,Southampton,no,True,0
327,1,2,female,0.4470972606182458,0,0,0.025374310111545468,S,Second,woman,False,D,Southampton,yes,True,0
328,1,3,female,0.38426740387031916,1,1,0.04006213192611313,S,Third,woman,False,,Southampton,yes,False,2
329,1,1,female,0.19577783362653933,0,1,0.11316786160148591,C,First,woman,False,B,Cherbourg,yes,False,1
330,1,3,female,,2,0,0.04538097769949478,Q,Third,woman,False,,Queenstown,yes,False,2
331,0,1,male,0.5664739884393064,0,0,0.055628295244541985,S,First,man,True,C,Southampton,no,True,0
332,0,1,male,0.4722292033174164,0,1,0.2995388511917728,S,First,man,True,C,Southampton,no,False,1
333,0,3,male,0.19577783362653933,2,0,0.03513366015444757,S,Third,man,True,,Southampton,no,False,2
334,1,1,female,,1,0,0.2608674266467732,S,First,woman,False,,Southampton,yes,False,1
335,0,3,male,,0,0,0.015411575213749286,S,Third,man,True,,Southampton,no,True,0
336,0,1,male,0.35913546117114853,1,0,0.12999454257145598,S,First,man,True,C,Southampton,no,False,1
337,1,1,female,0.5099271173661725,0,0,0.2625265161540666,C,First,woman,False,E,Cherbourg,yes,True,0
338,1,3,male,0.5601910027645137,0,0,0.015712553569072387,S,Third,man,True,,Southampton,yes,True,0
339,0,1,male,0.5601910027645137,0,0,0.06929138530460494,S,First,man,True,,Southampton,no,True,0
340,1,2,male,0.01985423473234481,1,1,0.050748620223090936,S,Second,child,False,F,Southampton,yes,False,2
341,1,1,female,0.2963056044232219,3,2,0.5133418122566507,S,First,woman,False,C,Southampton,yes,False,5
342,0,2,male,0.34656948982156316,0,0,0.025374310111545468,S,Second,man,True,,Southampton,no,True,0
343,0,2,male,0.3088715757728072,0,0,0.025374310111545468,S,Second,man,True,,Southampton,no,True,0
344,0,2,male,0.4470972606182458,0,0,0.025374310111545468,S,Second,man,True,,Southampton,no,True,0
345,1,2,female,0.2963056044232219,0,0,0.025374310111545468,S,Second,woman,False,F,Southampton,yes,True,0
346,1,2,female,0.49736114601658704,0,0,0.025374310111545468,S,Second,woman,False,,Southampton,yes,True,0
347,1,3,female,,1,0,0.031425107138144774,S,Third,woman,False,,Southampton,yes,False,1
348,1,3,male,0.032420206081930136,1,1,0.031034733136428686,S,Third,child,False,,Southampton,yes,False,2
349,0,3,male,0.5224930887157577,0,0,0.016908073949327893,S,Third,man,True,,Southampton,no,True,0
350,0,3,male,0.2837396330736366,0,0,0.01800600082915438,S,Third,man,True,,Southampton,no,True,0
351,0,1,male,,0,0,0.06831545030031472,S,First,man,True,C,Southampton,no,True,0
352,0,3,male,0.18321186227695402,1,1,0.014110458666029575,C,Third,child,False,,Cherbourg,no,False,2
353,0,3,male,0.3088715757728072,1,0,0.034743286152731485,S,Third,man,True,,Southampton,no,False,1
354,0,3,male,,0,0,0.014102260811993537,C,Third,man,True,,Cherbourg,no,True,0
355,0,3,male,0.34656948982156316,0,0,0.018542765081513996,S,Third,man,True,,Southampton,no,True,0
356,1,1,female,0.2711736617240512,0,1,0.10735285047192313,S,First,woman,False,E,Southampton,yes,False,1
357,0,2,female,0.4722292033174164,0,0,0.025374310111545468,S,Second,woman,False,,Southampton,no,True,0
358,1,3,female,,0,0,0.01537917417160685,Q,Third,woman,False,,Queenstown,yes,True,0
359,1,3,female,,0,0,0.01537917417160685,Q,Third,woman,False,,Queenstown,yes,True,0
360,0,3,male,0.49736114601658704,1,4,0.05445717323939373,S,Third,man,True,,Southampton,no,False,5
361,0,2,male,0.35913546117114853,1,0,0.05410739813385612,C,Second,man,True,,Cherbourg,no,False,1
362,0,3,female,0.5601910027645137,0,1,0.028212719478023115,C,Third,woman,False,,Cherbourg,no,False,1
363,0,3,male,0.4345312892686604,0,0,0.013760683560491965,S,Third,man,True,,Southampton,no,True,0
364,0,3,male,,1,0,0.030253985132996517,Q,Third,man,True,,Queenstown,no,False,1
365,0,3,male,0.37170143252073384,0,0,0.014151057562208049,S,Third,man,True,,Southampton,no,True,0
366,1,1,female,0.7486805730082936,1,0,0.14687821814567664,C,First,woman,False,D,Cherbourg,yes,False,1
367,1,3,female,,0,0,0.014110458666029575,C,Third,woman,False,,Cherbourg,yes,True,0
368,1,3,female,,0,0,0.015126992566498259,Q,Third,woman,False,,Queenstown,yes,True,0
369,1,1,female,0.2963056044232219,0,0,0.13526459159462315,C,First,woman,False,B,Cherbourg,yes,True,0
370,1,1,male,0.3088715757728072,1,0,0.1082149914547131,C,First,man,True,E,Cherbourg,yes,False,1
371,0,3,male,0.22090977632571,1,0,0.012678957201736696,S,Third,man,True,,Southampton,no,False,1
372,0,3,male,0.2334757476752953,0,0,0.015712553569072387,S,Third,man,True,,Southampton,no,True,0
373,0,1,male,0.2711736617240512,0,0,0.2647385704347907,C,First,man,True,,Cherbourg,no,True,0
374,0,3,female,0.032420206081930136,3,1,0.04113566043083236,S,Third,child,False,,Southampton,no,False,4
375,1,1,female,,1,0,0.16038672010106003,C,First,woman,False,,Cherbourg,yes,False,1
376,1,3,female,0.2711736617240512,0,0,0.014151057562208049,S,Third,woman,False,,Southampton,yes,True,0
377,0,1,male,0.33400351847197784,0,2,0.41282050681475896,C,First,man,True,C,Cherbourg,no,False,2
378,0,3,male,0.24604171902488062,0,0,0.007831878409428937,C,Third,man,True,,Cherbourg,no,True,0
379,0,3,male,0.2334757476752953,0,0,0.015175789316712771,S,Third,man,True,,Southampton,no,True,0
380,1,1,female,0.5224930887157577,0,0,0.4440992237022602,C,First,woman,False,,Cherbourg,yes,True,0
381,1,3,female,0.007288263382759488,0,2,0.030725752114070404,C,Third,child,False,,Cherbourg,yes,False,2
382,0,3,male,0.39683337521990447,0,0,0.015468569817999833,S,Third,man,True,,Southampton,no,True,0
383,1,1,female,0.4345312892686604,1,0,0.10149724044618187,S,First,woman,False,,Southampton,yes,False,1
384,0,3,male,,0,0,0.015411575213749286,S,Third,man,True,,Southampton,no,True,0
385,0,2,male,0.22090977632571,0,0,0.1434624456306609,S,Second,man,True,,Southampton,no,True,0
386,0,3,male,0.007288263382759488,5,2,0.09154270340242172,S,Third,child,False,,Southampton,no,False,7
387,1,2,female,0.4470972606182458,0,0,0.025374310111545468,S,Second,woman,False,,Southampton,yes,True,0
388,0,3,male,,0,0,0.015086393670319786,Q,Third,man,True,,Queenstown,no,True,0
389,1,2,female,0.20834380497612465,0,0,0.023422440102965045,C,Second,woman,False,,Cherbourg,yes,True,0
390,1,1,male,0.4470972606182458,1,2,0.23422440102965048,S,First,man,True,B,Southampton,yes,False,3
391,1,3,male,0.2586076903744659,0,0,0.015216388212891242,S,Third,man,True,,Southampton,yes,True,0
392,0,3,male,0.34656948982156316,2,0,0.015468569817999833,S,Third,man,True,,Southampton,no,False,2
393,1,1,female,0.2837396330736366,1,0,0.22109807522194713,C,First,woman,False,D,Cherbourg,yes,False,1
394,1,3,female,0.2963056044232219,0,2,0.03259622914329302,S,Third,woman,False,G,Southampton,yes,False,2
395,0,3,male,0.2711736617240512,0,0,0.015216388212891242,S,Third,man,True,,Southampton,no,True,0
396,0,3,female,0.38426740387031916,0,0,0.015330377421392339,S,Third,woman,False,,Southampton,no,True,0
397,0,2,male,0.5727569741140991,0,0,0.050748620223090936,S,Second,man,True,,Southampton,no,True,0
398,0,2,male,0.2837396330736366,0,0,0.020494635090094415,S,Second,man,True,,Southampton,no,True,0
399,1,2,female,0.34656948982156316,0,0,0.02469115560854232,S,Second,woman,False,,Southampton,yes,True,0
400,1,3,male,0.4847951746670017,0,0,0.015468569817999833,S,Third,man,True,,Southampton,yes,True,0
401,0,3,male,0.32143754712239253,0,0,0.015712553569072387,S,Third,man,True,,Southampton,no,True,0
402,0,3,female,0.2586076903744659,1,0,0.019177122834302632,S,Third,woman,False,,Southampton,no,False,1
403,0,3,male,0.34656948982156316,1,0,0.030937139635999665,S,Third,man,True,,Southampton,no,False,1
404,0,3,female,0.24604171902488062,0,0,0.016908073949327893,S,Third,woman,False,,Southampton,no,True,0
405,0,2,male,0.4219653179190751,1,0,0.04098927018018883,S,Second,man,True,,Southampton,no,False,1
406,0,3,male,0.6355868308620256,0,0,0.015126992566498259,S,Third,man,True,,Southampton,no,True,0
407,1,2,male,0.032420206081930136,1,1,0.03659756266088288,S,Second,child,False,,Southampton,yes,False,2
408,0,3,male,0.2586076903744659,0,0,0.015175789316712771,S,Third,man,True,,Southampton,no,True,0
409,0,3,female,,3,1,0.049707687947515,S,Third,woman,False,,Southampton,no,False,4
410,0,3,male,,0,0,0.015411575213749286,S,Third,man,True,,Southampton,no,True,0
411,0,3,male,,0,0,0.013386510079847098,Q,Third,man,True,,Queenstown,no,True,0
412,1,1,female,0.4093993465694898,1,0,0.17566830077223786,Q,First,woman,False,C,Queenstown,yes,False,1
413,0,2,male,,0,0,0.0,S,Second,man,True,,Southampton,no,True,0
414,1,3,male,0.5476250314149284,0,0,0.015468569817999833,S,Third,man,True,,Southampton,yes,True,0
415,0,3,female,,0,0,0.015712553569072387,S,Third,woman,False,,Southampton,no,True,0
416,1,2,female,0.4219653179190751,1,1,0.06343577527886367,S,Second,woman,False,,Southampton,yes,False,2
417,1,2,female,0.22090977632571,0,2,0.025374310111545468,S,Second,woman,False,,Southampton,yes,False,2
418,0,2,male,0.37170143252073384,0,0,0.025374310111545468,S,Second,man,True,,Southampton,no,True,0
419,0,3,female,0.12038200552902739,0,2,0.04713766070721715,S,Third,child,False,,Southampton,no,False,2
420,0,3,male,,0,0,0.015411575213749286,C,Third,man,True,,Cherbourg,no,True,0
421,0,3,male,0.2586076903744659,0,0,0.015094396337354966,Q,Third,man,True,,Queenstown,no,True,0
422,0,3,male,0.35913546117114853,0,0,0.015370976317570811,S,Third,man,True,,Southampton,no,True,0
423,0,3,female,0.34656948982156316,1,1,0.028106928123558056,S,Third,woman,False,,Southampton,no,False,2
424,0,3,male,0.22090977632571,1,1,0.039452172548431745,S,Third,man,True,,Southampton,no,False,2
425,0,3,male,,0,0,0.014151057562208049,S,Third,man,True,,Southampton,no,True,0
426,1,2,female,0.34656948982156316,1,0,0.050748620223090936,S,Second,woman,False,,Southampton,yes,False,1
427,1,2,female,0.2334757476752953,0,0,0.050748620223090936,S,Second,woman,False,,Southampton,yes,True,0
428,0,3,male,,0,0,0.015126992566498259,Q,Third,man,True,,Queenstown,no,True,0
429,1,3,male,0.39683337521990447,0,0,0.015712553569072387,S,Third,man,True,E,Southampton,yes,True,0
430,1,1,male,0.34656948982156316,0,0,0.051822148727810165,S,First,man,True,C,Southampton,yes,True,0
431,1,3,female,,1,0,0.031425107138144774,S,Third,woman,False,,Southampton,yes,False,1
432,1,2,female,0.5224930887157577,1,0,0.050748620223090936,S,Second,woman,False,,Southampton,yes,False,1
433,0,3,male,0.20834380497612465,0,0,0.013907073811135496,S,Third,man,True,,Southampton,no,True,0
434,0,1,male,0.6230208595124404,1,0,0.1091095334796455,S,First,man,True,E,Southampton,no,False,1
435,1,1,female,0.17064589092736868,1,2,0.23422440102965048,S,First,child,False,B,Southampton,yes,False,3
436,0,3,female,0.2586076903744659,2,2,0.06709553154495196,S,Third,woman,False,,Southampton,no,False,4
437,1,2,female,0.2963056044232219,2,3,0.03659756266088288,S,Second,woman,False,,Southampton,yes,False,5
438,0,1,male,0.7989444584066349,1,4,0.5133418122566507,S,First,man,True,C,Southampton,no,False,5
439,0,2,male,0.38426740387031916,0,0,0.020494635090094415,S,Second,man,True,,Southampton,no,True,0
440,1,2,female,0.5601910027645137,1,1,0.05123658772523604,S,Second,woman,False,,Southampton,yes,False,2
441,0,3,male,0.24604171902488062,0,0,0.018542765081513996,S,Third,man,True,,Southampton,no,True,0
442,0,3,male,0.3088715757728072,1,0,0.015175789316712771,S,Third,man,True,,Southampton,no,False,1
443,1,2,female,0.34656948982156316,0,0,0.025374310111545468,S,Second,woman,False,,Southampton,yes,True,0
444,1,3,male,,0,0,0.015834545444608664,S,Third,man,True,,Southampton,yes,True,0
445,1,1,male,0.04498617743151546,0,2,0.15977676072337862,S,First,child,False,A,Southampton,yes,False,2
446,1,2,female,0.15807991957778336,0,1,0.038061465167318204,S,Second,child,False,,Southampton,yes,False,1
447,1,1,male,0.4219653179190751,0,0,0.051822148727810165,S,First,man,True,,Southampton,yes,True,0
448,1,3,female,0.05755214878110078,2,1,0.03758969818624431,C,Third,child,False,,Cherbourg,yes,False,3
449,1,1,male,0.648152802211611,0,0,0.05953203526170282,S,First,man,True,C,Southampton,yes,True,0
450,0,2,male,0.4470972606182458,1,2,0.05416439273810667,S,Second,man,True,,Southampton,no,False,3
451,0,3,male,,1,0,0.03897240290032268,S,Third,man,True,,Southampton,no,False,1
452,0,1,male,0.37170143252073384,0,0,0.05416439273810667,C,First,man,True,C,Cherbourg,no,True,0
453,1,1,male,0.610454888162855,1,0,0.17391981561855152,C,First,man,True,C,Cherbourg,yes,False,1
454,0,3,male,,0,0,0.015712553569072387,S,Third,man,True,,Southampton,no,True,0
455,1,3,male,0.35913546117114853,0,0,0.015411575213749286,C,Third,man,True,,Cherbourg,yes,True,0
456,0,1,male,0.8115104297562202,0,0,0.051822148727810165,S,First,man,True,E,Southampton,no,True,0
457,1,1,female,,1,0,0.10122885832000206,S,First,woman,False,D,Southampton,yes,False,1
458,1,2,female,0.6230208595124404,0,0,0.020494635090094415,S,Second,woman,False,,Southampton,yes,True,0
459,0,3,male,,0,0,0.015126992566498259,Q,Third,man,True,,Queenstown,no,True,0
460,1,1,male,0.5978889168132697,0,0,0.051822148727810165,S,First,man,True,E,Southampton,yes,True,0
461,0,3,male,0.4219653179190751,0,0,0.015712553569072387,S,Third,man,True,,Southampton,no,True,0
462,0,1,male,0.5853229454636844,0,0,0.07514699533034619,S,First,man,True,E,Southampton,no,True,0
463,0,2,male,0.5978889168132697,0,0,0.025374310111545468,S,Second,man,True,,Southampton,no,True,0
464,0,3,male,,0,0,0.015712553569072387,S,Third,man,True,,Southampton,no,True,0
465,0,3,male,0.4722292033174164,0,0,0.013760683560491965,S,Third,man,True,,Southampton,no,True,0
466,0,2,male,,0,0,0.0,S,Second,man,True,,Southampton,no,True,0
467,0,1,male,0.6984166876099522,0,0,0.051822148727810165,S,First,man,True,,Southampton,no,True,0
468,0,3,male,,0,0,0.015078195816283748,Q,Third,man,True,,Queenstown,no,True,0
469,1,3,female,0.0041467705453631576,2,1,0.03758969818624431,C,Third,child,False,,Cherbourg,yes,False,3
470,0,3,male,,0,0,0.014151057562208049,S,Third,man,True,,Southampton,no,True,0
471,0,3,male,0.4722292033174164,0,0,0.016908073949327893,S,Third,man,True,,Southampton,no,True,0
472,1,2,female,0.4093993465694898,1,2,0.05416439273810667,S,Second,woman,False,,Southampton,yes,False,3
473,1,2,female,0.2837396330736366,0,0,0.026919605597338588,C,Second,woman,False,D,Cherbourg,yes,True,0
474,0,3,female,0.2711736617240512,0,0,0.019201521209409888,S,Third,woman,False,,Southampton,no,True,0
475,0,1,male,,0,0,0.10149724044618187,S,First,man,True,A,Southampton,no,True,0
476,0,2,male,0.4219653179190751,1,0,0.04098927018018883,S,Second,man,True,,Southampton,no,False,1
477,0,3,male,0.35913546117114853,1,0,0.013752485706455927,S,Third,man,True,,Southampton,no,False,1
478,0,3,male,0.2711736617240512,0,0,0.014679623960531627,S,Third,man,True,,Southampton,no,True,0
479,1,3,female,0.01985423473234481,0,1,0.023983602730431916,S,Third,child,False,,Southampton,yes,False,1
480,0,3,male,0.10781603417944208,5,2,0.09154270340242172,S,Third,child,False,,Southampton,no,False,7
481,0,2,male,,0,0,0.0,S,Second,man,True,,Southampton,no,True,0
482,0,3,male,0.6230208595124404,0,0,0.015712553569072387,S,Third,man,True,,Southampton,no,True,0
483,1,3,female,0.7863784870570495,0,0,0.018713553707264782,S,Third,woman,False,,Southampton,yes,True,0
484,1,1,male,0.3088715757728072,1,0,0.17777475888549785,C,First,man,True,B,Cherbourg,yes,False,1
485,0,3,female,,3,1,0.049707687947515,S,Third,woman,False,,Southampton,no,False,4
486,1,1,female,0.4345312892686604,1,0,0.17566830077223786,S,First,woman,False,C,Southampton,yes,False,1
487,0,1,male,0.723548630309123,0,0,0.057970539254838485,C,First,man,True,B,Cherbourg,no,True,0
488,0,3,male,0.37170143252073384,0,0,0.015712553569072387,S,Third,man,True,,Southampton,no,True,0
489,1,3,male,0.10781603417944208,1,1,0.031034733136428686,S,Third,child,False,,Southampton,yes,False,2
490,0,3,male,,1,0,0.03897240290032268,S,Third,man,True,,Southampton,no,False,1
491,0,3,male,0.2586076903744659,0,0,0.014151057562208049,S,Third,man,True,,Southampton,no,True,0
492,0,1,male,0.685850716260367,0,0,0.05953203526170282,S,First,man,True,C,Southampton,no,True,0
493,0,1,male,0.8869062578537321,0,0,0.09662576327876685,C,First,man,True,,Cherbourg,no,True,0
494,0,3,male,0.2586076903744659,0,0,0.015712553569072387,S,Third,man,True,,Southampton,no,True,0
495,0,3,male,,0,0,0.028220722145058292,C,Third,man,True,,Cherbourg,no,True,0
496,1,1,female,0.6732847449107816,1,0,0.1527664244005612,C,First,woman,False,D,Cherbourg,yes,False,1
497,0,3,male,,0,0,0.029473237129564348,S,Third,man,True,,Southampton,no,True,0
498,0,1,female,0.3088715757728072,1,2,0.29580589980036276,S,First,woman,False,C,Southampton,no,False,3
499,0,3,male,0.2963056044232219,0,0,0.015216388212891242,S,Third,man,True,,Southampton,no,True,0
500,0,3,male,0.20834380497612465,0,0,0.016908073949327893,S,Third,man,True,,Southampton,no,True,0
501,0,3,female,0.2586076903744659,0,0,0.015126992566498259,Q,Third,woman,False,,Queenstown,no,True,0
502,0,3,female,,0,0,0.014891206669461744,Q,Third,woman,False,,Queenstown,no,True,0
503,0,3,female,0.4596632319678311,0,0,0.018713553707264782,S,Third,woman,False,,Southampton,no,True,0
504,1,1,female,0.19577783362653933,0,0,0.16883675574220638,S,First,woman,False,B,Southampton,yes,True,0
505,0,1,male,0.22090977632571,1,0,0.2125586439344078,C,First,man,True,C,Cherbourg,no,False,1
506,1,2,female,0.4093993465694898,0,2,0.050748620223090936,S,Second,woman,False,,Southampton,yes,False,2
507,1,1,male,,0,0,0.051822148727810165,S,First,man,True,,Southampton,yes,True,0
508,0,3,male,0.34656948982156316,0,0,0.04396587194327397,S,Third,man,True,,Southampton,no,True,0
509,1,3,male,0.32143754712239253,0,0,0.11027245763075773,S,Third,man,True,,Southampton,yes,True,0
510,1,3,male,0.35913546117114853,0,0,0.015126992566498259,Q,Third,man,True,,Queenstown,yes,True,0
511,0,3,male,,0,0,0.015712553569072387,S,Third,man,True,,Southampton,no,True,0
512,1,1,male,0.4470972606182458,0,0,0.05130978285055781,S,First,man,True,E,Southampton,yes,True,0
513,1,1,female,0.6732847449107816,1,0,0.11594107850967697,C,First,woman,False,,Cherbourg,yes,False,1
514,0,3,male,0.2963056044232219,0,0,0.014630827210317117,S,Third,man,True,,Southampton,no,True,0
515,0,1,male,0.5853229454636844,0,0,0.06640417918791278,S,First,man,True,D,Southampton,no,True,0
516,1,2,female,0.4219653179190751,0,0,0.020494635090094415,S,Second,woman,False,F,Southampton,yes,True,0
517,0,3,male,,0,0,0.04713766070721715,Q,Third,man,True,,Queenstown,no,True,0
518,1,2,female,0.4470972606182458,1,0,0.050748620223090936,S,Second,woman,False,,Southampton,yes,False,1
519,0,3,male,0.39683337521990447,0,0,0.015411575213749286,S,Third,man,True,,Southampton,no,True,0
520,1,1,female,0.37170143252073384,0,0,0.18249984580226933,S,First,woman,False,B,Southampton,yes,True,0
521,0,3,male,0.2711736617240512,0,0,0.015411575213749286,S,Third,man,True,,Southampton,no,True,0
522,0,3,male,,0,0,0.014102260811993537,C,Third,man,True,,Cherbourg,no,True,0
523,1,1,female,0.5476250314149284,0,1,0.11316786160148591,C,First,woman,False,B,Cherbourg,yes,False,1
524,0,3,male,,0,0,0.014110458666029575,C,Third,man,True,,Cherbourg,no,True,0
525,0,3,male,0.5036441316913798,0,0,0.015126992566498259,Q,Third,man,True,,Queenstown,no,True,0
526,1,2,female,0.6230208595124404,0,0,0.020494635090094415,S,Second,woman,False,,Southampton,yes,True,0
527,0,1,male,,0,0,0.4328841690069588,S,First,man,True,C,Southampton,no,True,0
528,0,3,male,0.4847951746670017,0,0,0.015468569817999833,S,Third,man,True,,Southampton,no,True,0
529,0,2,male,0.2837396330736366,2,1,0.022446505098674838,S,Second,man,True,,Southampton,no,False,3
530,1,2,female,0.01985423473234481,1,1,0.050748620223090936,S,Second,child,False,,Southampton,yes,False,2
531,0,3,male,,0,0,0.014110458666029575,C,Third,man,True,,Cherbourg,no,True,0
532,0,3,male,0.20834380497612465,1,1,0.014110458666029575,C,Third,man,True,,Cherbourg,no,False,2
533,1,3,female,,0,2,0.04364049521284362,C,Third,woman,False,,Cherbourg,yes,False,2
534,0,3,female,0.37170143252073384,0,0,0.016908073949327893,S,Third,woman,False,,Southampton,no,True,0
535,1,2,female,0.08268409148027142,0,2,0.05123658772523604,S,Second,child,False,,Southampton,yes,False,2
536,0,1,male,0.5601910027645137,0,0,0.051822148727810165,S,First,man,True,B,Southampton,no,True,0
537,1,1,female,0.37170143252073384,0,0,0.20772776566317125,C,First,woman,False,,Cherbourg,yes,True,0
538,0,3,male,,0,0,0.028302115124416098,S,Third,man,True,,Southampton,no,True,0
539,1,1,female,0.2711736617240512,0,2,0.09661756542473082,C,First,woman,False,B,Cherbourg,yes,False,2
540,1,1,female,0.4470972606182458,0,2,0.13858277060920987,S,First,woman,False,B,Southampton,yes,False,2
541,0,3,female,0.10781603417944208,4,2,0.06104473451835265,S,Third,child,False,,Southampton,no,False,6
542,0,3,female,0.1329479768786127,4,2,0.06104473451835265,S,Third,child,False,,Southampton,no,False,6
543,1,2,male,0.39683337521990447,1,0,0.050748620223090936,S,Second,man,True,,Southampton,yes,False,1
544,0,1,male,0.6230208595124404,1,0,0.20772776566317125,C,First,man,True,C,Cherbourg,no,False,1
545,0,1,male,0.7989444584066349,0,0,0.050748620223090936,S,First,man,True,,Southampton,no,True,0
546,1,2,female,0.2334757476752953,1,0,0.050748620223090936,S,Second,woman,False,,Southampton,yes,False,1
547,1,2,male,,0,0,0.02705779799394608,C,Second,man,True,,Cherbourg,yes,True,0
548,0,3,male,0.4093993465694898,1,1,0.04006213192611313,S,Third,man,True,,Southampton,no,False,2
549,1,2,male,0.09525006282985675,1,1,0.07173122281533045,S,Second,child,False,,Southampton,yes,False,2
550,1,1,male,0.20834380497612465,0,2,0.21642978772242535,C,First,man,True,C,Cherbourg,yes,False,2
551,0,2,male,0.33400351847197784,0,0,0.050748620223090936,S,Second,man,True,,Southampton,no,True,0
552,0,3,male,,0,0,0.015281580671177828,Q,Third,man,True,,Queenstown,no,True,0
553,1,3,male,0.2711736617240512,0,0,0.014102260811993537,C,Third,man,True,,Cherbourg,yes,True,0
554,1,3,female,0.2711736617240512,0,0,0.015175789316712771,S,Third,woman,False,,Southampton,yes,True,0
555,0,1,male,0.7738125157074642,0,0,0.051822148727810165,S,First,man,True,,Southampton,no,True,0
556,1,1,female,0.5978889168132697,1,0,0.07729405233978466,C,First,woman,False,A,Cherbourg,yes,False,1
557,0,1,male,,0,0,0.4440992237022602,C,First,man,True,,Cherbourg,no,True,0
558,1,1,female,0.4847951746670017,1,1,0.1554664461834305,S,First,woman,False,E,Southampton,yes,False,2
559,1,3,female,0.4470972606182458,1,0,0.033962538149299316,S,Third,woman,False,,Southampton,yes,False,1
560,0,3,male,,0,0,0.015126992566498259,Q,Third,man,True,,Queenstown,no,True,0
561,0,3,male,0.49736114601658704,0,0,0.015411575213749286,S,Third,man,True,,Southampton,no,True,0
562,0,2,male,0.34656948982156316,0,0,0.026350245115835676,S,Second,man,True,,Southampton,no,True,0
563,0,3,male,,0,0,0.015712553569072387,S,Third,man,True,,Southampton,no,True,0
564,0,3,female,,0,0,0.015712553569072387,S,Third,woman,False,,Southampton,no,True,0
565,0,3,male,0.2963056044232219,2,0,0.04713766070721715,S,Third,man,True,,Southampton,no,False,2
566,0,3,male,0.2334757476752953,0,0,0.015411575213749286,S,Third,man,True,,Southampton,no,True,0
567,0,3,female,0.35913546117114853,0,4,0.04113566043083236,S,Third,woman,False,,Southampton,no,False,4
568,0,3,male,,0,0,0.014110458666029575,C,Third,man,True,,Cherbourg,no,True,0
569,1,3,male,0.39683337521990447,0,0,0.015330377421392339,S,Third,man,True,,Southampton,yes,True,0
570,1,2,male,0.7738125157074642,0,0,0.020494635090094415,S,Second,man,True,,Southampton,yes,True,0
571,1,1,female,0.6607187735611963,2,0,0.10048070654571319,S,First,woman,False,C,Southampton,yes,False,2
572,1,1,male,0.4470972606182458,0,0,0.051504969851415845,S,First,man,True,E,Southampton,yes,True,0
573,1,3,female,,0,0,0.015126992566498259,Q,Third,woman,False,,Queenstown,yes,True,0
574,0,3,male,0.19577783362653933,0,0,0.015712553569072387,S,Third,man,True,,Southampton,no,True,0
575,0,3,male,0.2334757476752953,0,0,0.028302115124416098,S,Third,man,True,,Southampton,no,True,0
576,1,2,female,0.4219653179190751,0,0,0.025374310111545468,S,Second,woman,False,,Southampton,yes,True,0
577,1,1,female,0.4847951746670017,1,0,0.1091095334796455,S,First,woman,False,E,Southampton,yes,False,1
578,0,3,female,,1,0,0.028220722145058292,C,Third,woman,False,,Cherbourg,no,False,1
579,1,3,male,0.39683337521990447,0,0,0.015468569817999833,S,Third,man,True,,Southampton,yes,True,0
580,1,2,female,0.3088715757728072,1,1,0.05855610025741262,S,Second,woman,False,,Southampton,yes,False,2
581,1,1,female,0.4847951746670017,1,1,0.21642978772242535,C,First,woman,False,C,Cherbourg,yes,False,2
582,0,2,male,0.6732847449107816,0,0,0.050748620223090936,S,Second,man,True,,Southampton,no,True,0
583,0,1,male,0.4470972606182458,0,0,0.07831878409428937,C,First,man,True,A,Cherbourg,no,True,0
584,0,3,male,,0,0,0.017005667449756914,C,Third,man,True,,Cherbourg,no,True,0
585,1,1,female,0.22090977632571,0,2,0.1554664461834305,S,First,woman,False,E,Southampton,yes,False,2
586,0,2,male,0.5853229454636844,0,0,0.02927805012870631,S,Second,man,True,,Southampton,no,True,0
587,1,1,male,0.7486805730082936,1,1,0.15458810467956932,C,First,man,True,B,Cherbourg,yes,False,2
588,0,3,male,0.2711736617240512,0,0,0.015712553569072387,S,Third,man,True,,Southampton,no,True,0
589,0,3,male,,0,0,0.015712553569072387,S,Third,man,True,,Southampton,no,True,0
590,0,3,male,0.4345312892686604,0,0,0.013907073811135496,S,Third,man,True,,Southampton,no,True,0
591,1,1,female,0.648152802211611,1,0,0.1527664244005612,C,First,woman,False,D,Cherbourg,yes,False,1
592,0,3,male,0.5853229454636844,0,0,0.014151057562208049,S,Third,man,True,,Southampton,no,True,0
593,0,3,female,,0,2,0.015126992566498259,Q,Third,woman,False,,Queenstown,no,False,2
594,0,2,male,0.4596632319678311,1,0,0.050748620223090936,S,Second,man,True,,Southampton,no,False,1
595,0,3,male,0.4470972606182458,1,1,0.04713766070721715,S,Third,man,True,,Southampton,no,False,2
596,1,2,female,,0,0,0.06441171028315387,S,Second,woman,False,,Southampton,yes,True,0
597,0,3,male,0.610454888162855,0,0,0.0,S,Third,man,True,,Southampton,no,True,0
598,0,3,male,,0,0,0.014102260811993537,C,Third,man,True,,Cherbourg,no,True,0
599,1,1,male,0.610454888162855,1,0,0.11111839809247648,C,First,man,True,A,Cherbourg,yes,False,1
600,1,2,female,0.2963056044232219,2,1,0.05270049023167135,S,Second,woman,False,,Southampton,yes,False,3
601,0,3,male,,0,0,0.015411575213749286,S,Third,man,True,,Southampton,no,True,0
602,0,1,male,,0,0,0.08275928836380983,S,First,man,True,,Southampton,no,True,0
603,0,3,male,0.5476250314149284,0,0,0.015712553569072387,S,Third,man,True,,Southampton,no,True,0
604,1,1,male,0.4345312892686604,0,0,0.051822148727810165,C,First,man,True,,Cherbourg,yes,True,0
605,0,3,male,0.4470972606182458,1,0,0.030351578633425542,S,Third,man,True,,Southampton,no,False,1
606,0,3,male,0.37170143252073384,0,0,0.015411575213749286,S,Third,man,True,,Southampton,no,True,0
607,1,1,male,0.33400351847197784,0,0,0.05953203526170282,S,First,man,True,,Southampton,yes,True,0
608,1,2,female,0.2711736617240512,1,2,0.08115719346076702,C,Second,woman,False,,Cherbourg,yes,False,3
609,1,1,female,0.49736114601658704,0,0,0.2995388511917728,S,First,woman,False,C,Southampton,yes,True,0
610,0,3,female,0.4847951746670017,1,5,0.06104473451835265,S,Third,woman,False,,Southampton,no,False,6
611,0,3,male,,0,0,0.013760683560491965,S,Third,man,True,,Southampton,no,True,0
612,1,3,female,,1,0,0.030253985132996517,Q,Third,woman,False,,Queenstown,yes,False,1
613,0,3,male,,0,0,0.015126992566498259,Q,Third,man,True,,Queenstown,no,True,0
614,0,3,male,0.4345312892686604,0,0,0.015712553569072387,S,Third,man,True,,Southampton,no,True,0
615,1,2,female,0.2963056044232219,1,2,0.12687155055772734,S,Second,woman,False,,Southampton,yes,False,3
616,0,3,male,0.4219653179190751,1,1,0.028106928123558056,S,Third,man,True,,Southampton,no,False,2
617,0,3,female,0.32143754712239253,1,0,0.031425107138144774,S,Third,woman,False,,Southampton,no,False,1
618,1,2,female,0.04498617743151546,2,1,0.07612293033463641,S,Second,child,False,F,Southampton,yes,False,3
619,0,2,male,0.32143754712239253,0,0,0.020494635090094415,S,Second,man,True,,Southampton,no,True,0
620,0,3,male,0.33400351847197784,1,0,0.028212719478023115,C,Third,man,True,,Cherbourg,no,False,1
621,1,1,male,0.5224930887157577,1,0,0.10257896680493714,S,First,man,True,D,Southampton,yes,False,1
622,1,3,male,0.24604171902488062,1,1,0.030725752114070404,C,Third,man,True,,Cherbourg,yes,False,2
623,0,3,male,0.2586076903744659,0,0,0.015330377421392339,S,Third,man,True,,Southampton,no,True,0
624,0,3,male,0.2586076903744659,0,0,0.031425107138144774,S,Third,man,True,,Southampton,no,True,0
625,0,1,male,0.7612465443578789,0,0,0.06308600017332605,S,First,man,True,D,Southampton,no,True,0
626,0,2,male,0.7109826589595376,0,0,0.024105594605968193,Q,Second,man,True,,Queenstown,no,True,0
627,1,1,female,0.2586076903744659,0,0,0.15216446768991498,S,First,woman,False,D,Southampton,yes,True,0
628,0,3,male,0.32143754712239253,0,0,0.015411575213749286,S,Third,man,True,,Southampton,no,True,0
629,0,3,male,,0,0,0.015094396337354966,Q,Third,man,True,,Queenstown,no,True,0
630,1,1,male,1.0,0,0,0.05855610025741262,S,First,man,True,A,Southampton,yes,True,0
631,0,3,male,0.6355868308620256,0,0,0.013768881414528002,S,Third,man,True,,Southampton,no,True,0
632,1,1,male,0.39683337521990447,0,0,0.05953203526170282,C,First,man,True,B,Cherbourg,yes,True,0
633,0,1,male,,0,0,0.0,S,First,man,True,,Southampton,no,True,0
634,0,3,female,0.10781603417944208,3,2,0.05445717323939373,S,Third,child,False,,Southampton,no,False,5
635,1,2,female,0.34656948982156316,0,0,0.025374310111545468,S,Second,woman,False,,Southampton,yes,True,0
636,0,3,male,0.39683337521990447,0,0,0.015468569817999833,S,Third,man,True,,Southampton,no,True,0
637,0,2,male,0.38426740387031916,1,1,0.05123658772523604,S,Second,man,True,,Southampton,no,False,2
638,0,3,female,0.5099271173661725,0,5,0.07746484096553544,S,Third,woman,False,,Southampton,no,False,5
639,0,3,male,,1,0,0.031425107138144774,S,Third,man,True,,Southampton,no,False,1
640,0,3,male,0.24604171902488062,0,0,0.015330377421392339,S,Third,man,True,,Southampton,no,True,0
641,1,1,female,0.2963056044232219,0,0,0.13526459159462315,C,First,woman,False,B,Cherbourg,yes,True,0
642,0,3,female,0.01985423473234481,3,2,0.05445717323939373,S,Third,child,False,,Southampton,no,False,5
643,1,3,male,,0,0,0.11027245763075773,S,Third,man,True,,Southampton,yes,True,0
644,1,3,female,0.0041467705453631576,2,1,0.03758969818624431,C,Third,child,False,,Cherbourg,yes,False,3
645,1,1,male,0.5978889168132697,1,0,0.1497654242623688,C,First,man,True,D,Cherbourg,yes,False,1
646,0,3,male,0.2334757476752953,0,0,0.015411575213749286,S,Third,man,True,,Southampton,no,True,0
647,1,1,male,0.6984166876099522,0,0,0.06929138530460494,C,First,man,True,A,Cherbourg,yes,True,0
648,0,3,male,,0,0,0.014736618564782174,S,Third,man,True,,Southampton,no,True,0
649,1,3,female,0.2837396330736366,0,0,0.014736618564782174,S,Third,woman,False,,Southampton,yes,True,0
650,0,3,male,,0,0,0.015411575213749286,S,Third,man,True,,Southampton,no,True,0
651,1,2,female,0.22090977632571,0,1,0.044893010197349675,S,Second,woman,False,,Southampton,yes,False,1
652,0,3,male,0.2586076903744659,0,0,0.01646070534336126,S,Third,man,True,,Southampton,no,True,0
653,1,3,female,,0,0,0.015281580671177828,Q,Third,woman,False,,Queenstown,yes,True,0
654,0,3,female,0.22090977632571,0,0,0.013175122557917838,Q,Third,woman,False,,Queenstown,no,True,0
655,0,2,male,0.2963056044232219,2,0,0.1434624456306609,S,Second,man,True,,Southampton,no,False,2
656,0,3,male,,0,0,0.015411575213749286,S,Third,man,True,,Southampton,no,True,0
657,0,3,female,0.39683337521990447,1,1,0.030253985132996517,Q,Third,woman,False,,Queenstown,no,False,2
658,0,2,male,0.2837396330736366,0,0,0.025374310111545468,S,Second,man,True,,Southampton,no,True,0
659,0,1,male,0.723548630309123,0,2,0.22109807522194713,C,First,man,True,D,Cherbourg,no,False,2
660,1,1,male,0.6230208595124404,2,0,0.2608674266467732,S,First,man,True,,Southampton,yes,False,2
661,0,3,male,0.49736114601658704,0,0,0.014102260811993537,C,Third,man,True,,Cherbourg,no,True,0
662,0,1,male,0.5853229454636844,0,0,0.04994347384455151,S,First,man,True,E,Southampton,no,True,0
663,0,3,male,0.4470972606182458,0,0,0.014630827210317117,S,Third,man,True,,Southampton,no,True,0
664,1,3,male,0.24604171902488062,1,0,0.015468569817999833,S,Third,man,True,,Southampton,yes,False,1
665,0,2,male,0.39683337521990447,2,0,0.1434624456306609,S,Second,man,True,,Southampton,no,False,2
666,0,2,male,0.3088715757728072,0,0,0.025374310111545468,S,Second,man,True,,Southampton,no,True,0
667,0,3,male,,0,0,0.015175789316712771,S,Third,man,True,,Southampton,no,True,0
668,0,3,male,0.5350590600653431,0,0,0.015712553569072387,S,Third,man,True,,Southampton,no,True,0
669,1,1,female,,1,0,0.10149724044618187,S,First,woman,False,C,Southampton,yes,False,1
670,1,2,female,0.49736114601658704,1,1,0.07612293033463641,S,Second,woman,False,,Southampton,yes,False,2
671,0,1,male,0.38426740387031916,1,0,0.10149724044618187,S,First,man,True,B,Southampton,no,False,1
672,0,2,male,0.8743402865041467,0,0,0.020494635090094415,S,Second,man,True,,Southampton,no,True,0
673,1,2,male,0.38426740387031916,0,0,0.025374310111545468,S,Second,man,True,,Southampton,yes,True,0
674,0,2,male,,0,0,0.0,S,Second,man,True,,Southampton,no,True,0
675,0,3,male,0.22090977632571,0,0,0.015175789316712771,S,Third,man,True,,Southampton,no,True,0
676,0,3,male,0.30258859009801453,0,0,0.015712553569072387,S,Third,man,True,,Southampton,no,True,0
677,1,3,female,0.22090977632571,0,0,0.019209719063445922,S,Third,woman,False,,Southampton,yes,True,0
678,0,3,female,0.5350590600653431,1,6,0.09154270340242172,S,Third,woman,False,,Southampton,no,False,7
679,1,1,male,0.4470972606182458,0,1,1.0,C,First,man,True,B,Cherbourg,yes,False,1
680,0,3,female,,0,0,0.01588334219482317,Q,Third,woman,False,,Queenstown,no,True,0
681,1,1,male,0.33400351847197784,0,0,0.1497654242623688,C,First,man,True,D,Cherbourg,yes,True,0
682,0,3,male,0.24604171902488062,0,0,0.01800600082915438,S,Third,man,True,,Southampton,no,True,0
683,0,3,male,0.17064589092736868,5,2,0.09154270340242172,S,Third,child,False,,Southampton,no,False,7
684,0,2,male,0.7486805730082936,1,1,0.07612293033463641,S,Second,man,True,,Southampton,no,False,2
685,0,2,male,0.3088715757728072,1,2,0.08115719346076702,C,Second,man,True,,Cherbourg,no,False,3
686,0,3,male,0.17064589092736868,4,1,0.07746484096553544,S,Third,child,False,,Southampton,no,False,5
687,0,3,male,0.2334757476752953,0,0,0.019852079483269742,S,Third,man,True,,Southampton,no,True,0
688,0,3,male,0.22090977632571,0,0,0.015216388212891242,S,Third,man,True,,Southampton,no,True,0
689,1,1,female,0.18321186227695402,0,1,0.41250332793836464,S,First,child,False,B,Southampton,yes,False,1
690,1,1,male,0.38426740387031916,1,0,0.11125659048908397,S,First,man,True,B,Southampton,yes,False,1
691,1,3,female,0.04498617743151546,0,1,0.026187654344120927,C,Third,child,False,,Cherbourg,yes,False,1
692,1,3,male,,0,0,0.11027245763075773,S,Third,man,True,,Southampton,yes,True,0
693,0,3,male,0.3088715757728072,0,0,0.014102260811993537,C,Third,man,True,,Cherbourg,no,True,0
694,0,1,male,0.7486805730082936,0,0,0.051822148727810165,S,First,man,True,,Southampton,no,True,0
695,0,2,male,0.648152802211611,0,0,0.026350245115835676,S,Second,man,True,,Southampton,no,True,0
696,0,3,male,0.5476250314149284,0,0,0.015712553569072387,S,Third,man,True,,Southampton,no,True,0
697,1,3,female,,0,0,0.015094396337354966,Q,Third,woman,False,,Queenstown,yes,True,0
698,0,1,male,0.610454888162855,1,1,0.21642978772242535,C,First,man,True,C,Cherbourg,no,False,2
699,0,3,male,0.5224930887157577,0,0,0.014931805565640218,S,Third,man,True,F,Southampton,no,True,0
700,1,1,female,0.22090977632571,1,0,0.4440992237022602,C,First,woman,False,C,Cherbourg,yes,False,1
701,1,1,male,0.4345312892686604,0,0,0.05130978285055781,S,First,man,True,E,Southampton,yes,True,0
702,0,3,female,0.22090977632571,0,1,0.028212719478023115,C,Third,woman,False,,Cherbourg,no,False,1
703,0,3,male,0.3088715757728072,0,0,0.015110792045427042,Q,Third,man,True,,Queenstown,no,True,0
704,0,3,male,0.32143754712239253,1,0,0.015330377421392339,S,Third,man,True,,Southampton,no,False,1
705,0,2,male,0.4847951746670017,0,0,0.050748620223090936,S,Second,man,True,,Southampton,no,True,0
706,1,2,female,0.5601910027645137,0,0,0.026350245115835676,S,Second,woman,False,,Southampton,yes,True,0
707,1,1,male,0.5224930887157577,0,0,0.05130978285055781,S,First,man,True,E,Southampton,yes,True,0
708,1,1,female,0.2711736617240512,0,0,0.29580589980036276,S,First,woman,False,,Southampton,yes,True,0
709,1,3,male,,1,1,0.029757819776815374,C,Third,man,True,,Cherbourg,yes,False,2
710,1,1,female,0.2963056044232219,0,0,0.09662576327876685,C,First,woman,False,C,Cherbourg,yes,True,0
711,0,1,male,,0,0,0.051822148727810165,S,First,man,True,C,Southampton,no,True,0
712,1,1,male,0.5978889168132697,1,0,0.10149724044618187,S,First,man,True,C,Southampton,yes,False,1
713,0,3,male,0.35913546117114853,0,0,0.018510168852370702,S,Third,man,True,,Southampton,no,True,0
714,0,2,male,0.648152802211611,0,0,0.025374310111545468,S,Second,man,True,,Southampton,no,True,0
715,0,3,male,0.2334757476752953,0,0,0.014931805565640218,S,Third,man,True,F,Southampton,no,True,0
716,1,1,female,0.4722292033174164,0,0,0.4440992237022602,C,First,woman,False,C,Cherbourg,yes,True,0
717,1,2,female,0.33400351847197784,0,0,0.020494635090094415,S,Second,woman,False,E,Southampton,yes,True,0
718,0,3,male,,0,0,0.030253985132996517,Q,Third,man,True,,Queenstown,no,True,0
719,0,3,male,0.4093993465694898,0,0,0.015175789316712771,S,Third,man,True,,Southampton,no,True,0
720,1,2,female,0.0701181201306861,0,1,0.06441171028315387,S,Second,child,False,,Southampton,yes,False,1
721,0,3,male,0.20834380497612465,1,0,0.013768881414528002,S,Third,man,True,,Southampton,no,False,1
722,0,2,male,0.4219653179190751,0,0,0.025374310111545468,S,Second,man,True,,Southampton,no,True,0
723,0,2,male,0.6230208595124404,0,0,0.025374310111545468,S,Second,man,True,,Southampton,no,True,0
724,1,1,male,0.33400351847197784,1,0,0.10364429745562033,S,First,man,True,E,Southampton,yes,False,1
725,0,3,male,0.24604171902488062,0,0,0.016908073949327893,S,Third,man,True,,Southampton,no,True,0
726,1,2,female,0.37170143252073384,3,0,0.04098927018018883,S,Second,woman,False,,Southampton,yes,False,3
727,1,3,female,,0,0,0.015102594191391004,Q,Third,woman,False,,Queenstown,yes,True,0
728,0,2,male,0.3088715757728072,1,0,0.050748620223090936,S,Second,man,True,,Southampton,no,False,1
729,0,3,female,0.3088715757728072,1,0,0.015468569817999833,S,Third,woman,False,,Southampton,no,False,1
730,1,1,female,0.35913546117114853,0,0,0.41250332793836464,S,First,woman,False,B,Southampton,yes,True,0
731,0,3,male,0.1329479768786127,0,0,0.036670757786204655,C,Third,child,False,,Cherbourg,no,True,0
732,0,2,male,,0,0,0.0,S,Second,man,True,,Southampton,no,True,0
733,0,2,male,0.2837396330736366,0,0,0.025374310111545468,S,Second,man,True,,Southampton,no,True,0
734,0,2,male,0.2837396330736366,0,0,0.025374310111545468,S,Second,man,True,,Southampton,no,True,0
735,0,3,male,0.35285247549635584,0,0,0.031425107138144774,S,Third,man,True,,Southampton,no,True,0
736,0,3,female,0.5978889168132697,1,3,0.06709553154495196,S,Third,woman,False,,Southampton,no,False,4
737,1,1,male,0.4345312892686604,0,0,1.0,C,First,man,True,B,Cherbourg,yes,True,0
738,0,3,male,,0,0,0.015411575213749286,S,Third,man,True,,Southampton,no,True,0
739,0,3,male,,0,0,0.015411575213749286,S,Third,man,True,,Southampton,no,True,0
740,1,1,male,,0,0,0.05855610025741262,S,First,man,True,D,Southampton,yes,True,0
741,0,1,male,0.4470972606182458,1,0,0.15390495017656614,S,First,man,True,C,Southampton,no,False,1
742,1,1,female,0.2586076903744659,2,2,0.5121218935012878,C,First,woman,False,B,Cherbourg,yes,False,4
743,0,3,male,0.2963056044232219,1,0,0.031425107138144774,S,Third,man,True,,Southampton,no,False,1
744,1,3,male,0.38426740387031916,0,0,0.015468569817999833,S,Third,man,True,,Southampton,yes,True,0
745,0,1,male,0.8743402865041467,1,1,0.13858277060920987,S,First,man,True,B,Southampton,no,False,2
746,0,3,male,0.19577783362653933,1,1,0.03952536767375352,S,Third,man,True,,Southampton,no,False,2
747,1,2,female,0.37170143252073384,0,0,0.025374310111545468,S,Second,woman,False,,Southampton,yes,True,0
748,0,1,male,0.2334757476752953,1,0,0.10364429745562033,S,First,man,True,D,Southampton,no,False,1
749,0,3,male,0.38426740387031916,0,0,0.015126992566498259,Q,Third,man,True,,Queenstown,no,True,0
750,1,2,female,0.04498617743151546,1,1,0.044893010197349675,S,Second,child,False,,Southampton,yes,False,2
751,1,3,male,0.0701181201306861,0,1,0.024349578357040744,S,Third,child,False,E,Southampton,yes,False,1
752,0,3,male,0.4093993465694898,0,0,0.018542765081513996,S,Third,man,True,,Southampton,no,True,0
753,0,3,male,0.2837396330736366,0,0,0.015411575213749286,S,Third,man,True,,Southampton,no,True,0
754,1,2,female,0.5978889168132697,1,2,0.12687155055772734,S,Second,woman,False,,Southampton,yes,False,3
755,1,2,male,0.003141492837396331,1,1,0.028302115124416098,S,Second,child,False,,Southampton,yes,False,2
756,0,3,male,0.34656948982156316,0,0,0.015216388212891242,S,Third,man,True,,Southampton,no,True,0
757,0,2,male,0.22090977632571,0,0,0.022446505098674838,S,Second,man,True,,Southampton,no,True,0
758,0,3,male,0.4219653179190751,0,0,0.015712553569072387,S,Third,man,True,,Southampton,no,True,0
759,1,1,female,0.4093993465694898,0,0,0.16883675574220638,S,First,woman,False,B,Southampton,yes,True,0
760,0,3,male,,0,0,0.028302115124416098,S,Third,man,True,,Southampton,no,True,0
761,0,3,male,0.5099271173661725,0,0,0.013907073811135496,S,Third,man,True,,Southampton,no,True,0
762,1,3,male,0.24604171902488062,0,0,0.014110458666029575,C,Third,man,True,,Cherbourg,yes,True,0
763,1,1,female,0.4470972606182458,1,2,0.23422440102965048,S,First,woman,False,B,Southampton,yes,False,3
764,0,3,male,0.19577783362653933,0,0,0.015175789316712771,S,Third,man,True,,Southampton,no,True,0
765,1,1,female,0.6355868308620256,1,0,0.15216446768991498,S,First,woman,False,D,Southampton,yes,False,1
766,0,1,male,,0,0,0.07729405233978466,C,First,man,True,,Cherbourg,no,True,0
767,0,3,female,0.3779844181955265,0,0,0.015126992566498259,Q,Third,woman,False,,Queenstown,no,True,0
768,0,3,male,,1,0,0.04713766070721715,Q,Third,man,True,,Queenstown,no,False,1
769,0,3,male,0.39683337521990447,0,0,0.016322512946753766,S,Third,man,True,,Southampton,no,True,0
770,0,3,male,0.2963056044232219,0,0,0.018542765081513996,S,Third,man,True,,Southampton,no,True,0
771,0,3,male,0.5978889168132697,0,0,0.015330377421392339,S,Third,man,True,,Southampton,no,True,0
772,0,2,female,0.7109826589595376,0,0,0.020494635090094415,S,Second,woman,False,E,Southampton,no,True,0
773,0,3,male,,0,0,0.014102260811993537,C,Third,man,True,,Cherbourg,no,True,0
774,1,2,female,0.6732847449107816,1,3,0.044893010197349675,S,Second,woman,False,,Southampton,yes,False,4
775,0,3,male,0.22090977632571,0,0,0.015126992566498259,S,Third,man,True,,Southampton,no,True,0
776,0,3,male,,0,0,0.015126992566498259,Q,Third,man,True,F,Queenstown,no,True,0
777,1,3,female,0.05755214878110078,0,0,0.024349578357040744,S,Third,child,False,,Southampton,yes,True,0
778,0,3,male,,0,0,0.015102594191391004,Q,Third,man,True,,Queenstown,no,True,0
779,1,1,female,0.5350590600653431,0,1,0.41250332793836464,S,First,woman,False,B,Southampton,yes,False,1
780,1,3,female,0.15807991957778336,0,0,0.014110458666029575,C,Third,child,False,,Cherbourg,yes,True,0
781,1,1,female,0.20834380497612465,1,0,0.11125659048908397,S,First,woman,False,B,Southampton,yes,False,1
782,0,1,male,0.35913546117114853,0,0,0.05855610025741262,S,First,man,True,D,Southampton,no,True,0
783,0,3,male,,1,2,0.04577135170121086,S,Third,man,True,,Southampton,no,False,3
784,0,3,male,0.3088715757728072,0,0,0.013760683560491965,S,Third,man,True,,Southampton,no,True,0
785,0,3,male,0.3088715757728072,0,0,0.014151057562208049,S,Third,man,True,,Southampton,no,True,0
786,1,3,female,0.22090977632571,0,0,0.014630827210317117,S,Third,woman,False,,Southampton,yes,True,0
787,0,3,male,0.09525006282985675,4,1,0.05684821399990475,Q,Third,child,False,,Queenstown,no,False,5
788,1,3,male,0.007288263382759488,1,2,0.04015972542654215,S,Third,child,False,,Southampton,yes,False,3
789,0,1,male,0.5727569741140991,0,0,0.15458810467956932,C,First,man,True,B,Cherbourg,no,True,0
790,0,3,male,,0,0,0.015126992566498259,Q,Third,man,True,,Queenstown,no,True,0
791,0,2,male,0.19577783362653933,0,0,0.050748620223090936,S,Second,man,True,,Southampton,no,True,0
792,0,3,female,,8,2,0.13575255909676825,S,Third,woman,False,,Southampton,no,False,10
793,0,1,male,,0,0,0.05991421140938287,C,First,man,True,,Cherbourg,no,True,0
794,0,3,male,0.3088715757728072,0,0,0.015411575213749286,S,Third,man,True,,Southampton,no,True,0
795,0,2,male,0.4847951746670017,0,0,0.025374310111545468,S,Second,man,True,,Southampton,no,True,0
796,1,1,female,0.610454888162855,0,0,0.050610427826483444,S,First,woman,False,D,Southampton,yes,True,0
797,1,3,female,0.38426740387031916,0,0,0.016948672845506364,S,Third,woman,False,,Southampton,yes,True,0
798,0,3,male,0.37170143252073384,0,0,0.014110458666029575,C,Third,man,True,,Cherbourg,no,True,0
799,0,3,female,0.37170143252073384,1,1,0.04713766070721715,S,Third,woman,False,,Southampton,no,False,2
800,0,2,male,0.4219653179190751,0,0,0.025374310111545468,S,Second,man,True,,Southampton,no,True,0
801,1,2,female,0.38426740387031916,1,1,0.05123658772523604,S,Second,woman,False,,Southampton,yes,False,2
802,1,1,male,0.1329479768786127,1,2,0.23422440102965048,S,First,child,False,B,Southampton,yes,False,3
803,1,3,male,0.0,0,1,0.016623491302076868,C,Third,child,False,,Cherbourg,yes,False,1
804,1,3,male,0.33400351847197784,0,0,0.013614293309848433,S,Third,man,True,,Southampton,yes,True,0
805,0,3,male,0.38426740387031916,0,0,0.015175789316712771,S,Third,man,True,,Southampton,no,True,0
806,0,1,male,0.4847951746670017,0,0,0.0,S,First,man,True,A,Southampton,no,True,0
807,0,3,female,0.22090977632571,0,0,0.015175789316712771,S,Third,woman,False,,Southampton,no,True,0
808,0,2,male,0.4847951746670017,0,0,0.025374310111545468,S,Second,man,True,,Southampton,no,True,0
809,1,1,female,0.4093993465694898,1,0,0.10364429745562033,S,First,woman,False,E,Southampton,yes,False,1
810,0,3,male,0.32143754712239253,0,0,0.015395374692678068,S,Third,man,True,,Southampton,no,True,0
811,0,3,male,0.4847951746670017,0,0,0.04713766070721715,S,Third,man,True,,Southampton,no,True,0
812,0,2,male,0.4345312892686604,0,0,0.020494635090094415,S,Second,man,True,,Southampton,no,True,0
813,0,3,female,0.0701181201306861,4,2,0.06104473451835265,S,Third,child,False,,Southampton,no,False,6
814,0,3,male,0.3779844181955265,0,0,0.015712553569072387,S,Third,man,True,,Southampton,no,True,0
815,0,1,male,,0,0,0.0,S,First,man,True,B,Southampton,no,True,0
816,0,3,female,0.2837396330736366,0,0,0.015468569817999833,S,Third,woman,False,,Southampton,no,True,0
817,0,2,male,0.38426740387031916,1,1,0.07222738817151159,C,Second,man,True,,Cherbourg,no,False,2
818,0,3,male,0.5350590600653431,0,0,0.012589561555343713,S,Third,man,True,,Southampton,no,True,0
819,0,3,male,0.12038200552902739,3,2,0.05445717323939373,S,Third,child,False,,Southampton,no,False,5
820,1,1,female,0.648152802211611,1,1,0.18249984580226933,S,First,woman,False,B,Southampton,yes,False,2
821,1,3,male,0.33400351847197784,0,0,0.016908073949327893,S,Third,man,True,,Southampton,yes,True,0
822,0,1,male,0.4722292033174164,0,0,0.0,S,First,man,True,,Southampton,no,True,0
823,1,3,female,0.33400351847197784,0,1,0.024349578357040744,S,Third,woman,False,E,Southampton,yes,False,1
824,0,3,male,0.01985423473234481,4,1,0.07746484096553544,S,Third,child,False,,Southampton,no,False,5
825,0,3,male,,0,0,0.013565496559633922,Q,Third,man,True,,Queenstown,no,True,0
826,0,3,male,,0,0,0.11027245763075773,S,Third,man,True,,Southampton,no,True,0
827,1,2,male,0.007288263382759488,0,2,0.07222738817151159,C,Second,child,False,,Cherbourg,yes,False,2
828,1,3,male,,0,0,0.015126992566498259,Q,Third,man,True,,Queenstown,yes,True,0
829,1,1,female,0.7738125157074642,0,0,0.15614960068643363,,First,woman,False,B,,yes,True,0
830,1,3,female,0.18321186227695402,1,0,0.028212719478023115,C,Third,child,False,,Cherbourg,yes,False,1
831,1,2,male,0.005152048253329982,1,1,0.03659756266088288,S,Second,child,False,,Southampton,yes,False,2
832,0,3,male,,0,0,0.014110458666029575,C,Third,man,True,,Cherbourg,no,True,0
833,0,3,male,0.2837396330736366,0,0,0.015330377421392339,S,Third,man,True,,Southampton,no,True,0
834,0,3,male,0.22090977632571,0,0,0.016200521071217493,S,Third,man,True,,Southampton,no,True,0
835,1,1,female,0.4847951746670017,1,1,0.16231419173453318,C,First,woman,False,E,Cherbourg,yes,False,2
836,0,3,male,0.2586076903744659,0,0,0.016908073949327893,S,Third,man,True,,Southampton,no,True,0
837,0,3,male,,0,0,0.015712553569072387,S,Third,man,True,,Southampton,no,True,0
838,1,3,male,0.39683337521990447,0,0,0.11027245763075773,S,Third,man,True,,Southampton,yes,True,0
839,1,1,male,,0,0,0.057970539254838485,C,First,man,True,C,Cherbourg,yes,True,0
840,0,3,male,0.24604171902488062,0,0,0.015468569817999833,S,Third,man,True,,Southampton,no,True,0
841,0,2,male,0.19577783362653933,0,0,0.020494635090094415,S,Second,man,True,,Southampton,no,True,0
842,1,1,female,0.37170143252073384,0,0,0.060507970265993034,C,First,woman,False,,Cherbourg,yes,True,0
843,0,3,male,0.4282483035938678,0,0,0.012565163180236457,C,Third,man,True,,Cherbourg,no,True,0
844,0,3,male,0.20834380497612465,0,0,0.016908073949327893,S,Third,man,True,,Southampton,no,True,0
845,0,3,male,0.5224930887157577,0,0,0.014736618564782174,S,Third,man,True,,Southampton,no,True,0
846,0,3,male,,8,2,0.13575255909676825,S,Third,man,True,,Southampton,no,False,10
847,0,3,male,0.4345312892686604,0,0,0.015411575213749286,C,Third,man,True,,Cherbourg,no,True,0
848,0,2,male,0.34656948982156316,0,1,0.06441171028315387,S,Second,man,True,,Southampton,no,False,1
849,1,1,female,,1,0,0.17391981561855152,C,First,woman,False,C,Cherbourg,yes,False,1
850,0,3,male,0.04498617743151546,4,2,0.06104473451835265,S,Third,child,False,,Southampton,no,False,6
851,0,3,male,0.9246041719024881,0,0,0.015175789316712771,S,Third,man,True,,Southampton,no,True,0
852,0,3,female,0.10781603417944208,1,1,0.029757819776815374,C,Third,child,False,,Cherbourg,no,False,2
853,1,1,female,0.19577783362653933,0,1,0.07690367833806856,S,First,woman,False,D,Southampton,yes,False,1
854,0,2,female,0.5476250314149284,1,0,0.050748620223090936,S,Second,woman,False,,Southampton,no,False,1
855,1,3,female,0.22090977632571,0,1,0.018249984580226933,S,Third,woman,False,,Southampton,yes,False,1
856,1,1,female,0.5601910027645137,1,1,0.32179836714362564,S,First,woman,False,,Southampton,yes,False,2
857,1,1,male,0.6355868308620256,0,0,0.051822148727810165,S,First,man,True,E,Southampton,yes,True,0
858,1,3,female,0.2963056044232219,0,3,0.03758969818624431,C,Third,woman,False,,Cherbourg,yes,False,3
859,0,3,male,,0,0,0.014110458666029575,C,Third,man,True,,Cherbourg,no,True,0
860,0,3,male,0.5099271173661725,2,0,0.027537567642055148,S,Third,man,True,,Southampton,no,False,2
861,0,2,male,0.2586076903744659,1,0,0.022446505098674838,S,Second,man,True,,Southampton,no,False,1
862,1,1,female,0.5978889168132697,0,0,0.050610427826483444,S,First,woman,False,D,Southampton,yes,True,0
863,0,3,female,,8,2,0.13575255909676825,S,Third,woman,False,,Southampton,no,False,10
864,0,2,male,0.2963056044232219,0,0,0.025374310111545468,S,Second,man,True,,Southampton,no,True,0
865,1,2,female,0.5224930887157577,0,0,0.025374310111545468,S,Second,woman,False,,Southampton,yes,True,0
866,1,2,female,0.33400351847197784,1,0,0.027049600139910042,C,Second,woman,False,,Cherbourg,yes,False,1
867,0,1,male,0.38426740387031916,0,0,0.09856123757927521,S,First,man,True,A,Southampton,no,True,0
868,0,3,male,,0,0,0.018542765081513996,S,Third,man,True,,Southampton,no,True,0
869,1,3,male,0.04498617743151546,1,1,0.021730754366528396,S,Third,child,False,,Southampton,yes,False,2
870,0,3,male,0.32143754712239253,0,0,0.015411575213749286,S,Third,man,True,,Southampton,no,True,0
871,1,1,female,0.5853229454636844,1,1,0.10257896680493714,S,First,woman,False,D,Southampton,yes,False,2
872,0,1,male,0.4093993465694898,0,0,0.009759350042902102,S,First,man,True,B,Southampton,no,True,0
873,0,3,male,0.5853229454636844,0,0,0.017566830077223785,S,Third,man,True,,Southampton,no,True,0
874,1,2,female,0.34656948982156316,1,0,0.04684488020593009,C,Second,woman,False,,Cherbourg,yes,False,1
875,1,3,female,0.18321186227695402,0,0,0.014102260811993537,C,Third,child,False,,Cherbourg,yes,True,0
876,0,3,male,0.24604171902488062,0,0,0.019217721730481106,S,Third,man,True,,Southampton,no,True,0
877,0,3,male,0.2334757476752953,0,0,0.015411575213749286,S,Third,man,True,,Southampton,no,True,0
878,0,3,male,,0,0,0.015411575213749286,S,Third,man,True,,Southampton,no,True,0
879,1,1,female,0.6984166876099522,0,1,0.16231419173453318,C,First,woman,False,C,Cherbourg,yes,False,1
880,1,2,female,0.3088715757728072,0,1,0.050748620223090936,S,Second,woman,False,,Southampton,yes,False,1
881,0,3,male,0.4093993465694898,0,0,0.015411575213749286,S,Third,man,True,,Southampton,no,True,0
882,0,3,female,0.2711736617240512,0,0,0.02052723131923771,S,Third,woman,False,,Southampton,no,True,0
883,0,2,male,0.34656948982156316,0,0,0.020494635090094415,S,Second,man,True,,Southampton,no,True,0
884,0,3,male,0.3088715757728072,0,0,0.013760683560491965,S,Third,man,True,,Southampton,no,True,0
885,0,3,female,0.4847951746670017,0,5,0.05684821399990475,Q,Third,woman,False,,Queenstown,no,False,5
886,0,2,male,0.33400351847197784,0,0,0.025374310111545468,S,Second,man,True,,Southampton,no,True,0
887,1,1,female,0.2334757476752953,0,0,0.05855610025741262,S,First,woman,False,B,Southampton,yes,True,0
888,0,3,female,,1,2,0.04577135170121086,S,Third,woman,False,,Southampton,no,False,3
889,1,1,male,0.32143754712239253,0,0,0.05855610025741262,C,First,man,True,C,Cherbourg,yes,True,0
890,0,3,male,0.39683337521990447,0,0,0.015126992566498259,Q,Third,man,True,,Queenstown,no,True,0
